{
  "uuid": "2df2ee9e-e9b1-32bb-a7e8-a0350f1ed708",
  "starterPrompted": true,
  "starterLocked": false,
  "starterSelected": true,
  "starterUUID": "95331c1c-091f-4578-829a-061e9e0b3f28",
  "keyItems": [],
  "battleTheme": "cobblemon:battle.pvp.default",
  "extraData": {
    "koStreak": {
      "name": "koStreak",
      "species": "haunter",
      "count": 1
    },
    "koCount": {
      "name": "koCount",
      "defeats": {
        "kakuna": 1,
        "zigzagoon": 1,
        "bunnelby": 2,
        "hoothoot": 1,
        "oddish": 1,
        "cottonee": 1,
        "shroomish": 1,
        "taillow": 1,
        "gimmighoul": 1,
        "snorunt": 1,
        "beedrill": 1,
        "caterpie": 1,
        "fletchling": 1,
        "voltorb": 1,
        "durant": 1,
        "haunter": 1
      }
    },
    "captureStreak": {
      "name": "captureStreak",
      "species": "tinkaton",
      "count": 1
    },
    "captureCount": {
      "name": "captureCount",
      "defeats": {
        "charmander": 1,
        "sandile": 1,
        "tinkatink": 1,
        "honedge": 1,
        "charmeleon": 1,
        "gimmighoul": 1,
        "aron": 1,
        "gastly": 1,
        "mareep": 1,
        "zigzagoon": 1,
        "tinkatuff": 1,
        "tinkaton": 1
      }
    },
    "encounter": {
      "name": "encounter",
      "encounters": {
        "charmander": true,
        "kakuna": true,
        "taillow": true,
        "zigzagoon": true,
        "bunnelby": true,
        "hoothoot": true,
        "oddish": true,
        "seedot": true,
        "cottonee": true,
        "shroomish": true,
        "gimmighoul": true,
        "snorunt": true,
        "beedrill": true,
        "sandile": true,
        "tinkatink": true,
        "honedge": true,
        "charmeleon": true,
        "caterpie": true,
        "fletchling": true,
        "aron": true,
        "gastly": true,
        "voltorb": true,
        "mareep": true,
        "durant": true,
        "tinkatuff": true,
        "tinkaton": true,
        "haunter": true
      }
    }
  },
  "advancementData": {
    "totalCaptureCount": 9,
    "totalEggsHatched": 0,
    "totalEvolvedCount": 2,
    "totalBattleVictoryCount": 22,
    "totalPvPBattleVictoryCount": 0,
    "totalPvWBattleVictoryCount": 22,
    "totalPvNBattleVictoryCount": 0,
    "totalShinyCaptureCount": 0,
    "totalTradedCount": 0,
    "totalTypeCaptureCounts": {
      "ground": 1,
      "dark": 2,
      "fairy": 2,
      "steel": 4,
      "ghost": 3,
      "rock": 1,
      "poison": 1,
      "electric": 1,
      "normal": 1
    },
    "totalDefeatedCounts": {
      "cobblemon:kakuna": 1,
      "cobblemon:zigzagoon": 1,
      "cobblemon:bunnelby": 2,
      "cobblemon:hoothoot": 1,
      "cobblemon:oddish": 1,
      "cobblemon:cottonee": 1,
      "cobblemon:shroomish": 1,
      "cobblemon:taillow": 1,
      "cobblemon:gimmighoul": 1,
      "cobblemon:snorunt": 1,
      "cobblemon:beedrill": 1,
      "cobblemon:caterpie": 1,
      "cobblemon:fletchling": 1,
      "cobblemon:voltorb": 1,
      "cobblemon:durant": 1,
      "cobblemon:haunter": 1
    },
    "aspectsCollected": {}
  }
}