{
  "uuid": "2df2ee9e-e9b1-32bb-a7e8-a0350f1ed708",
  "starterPrompted": true,
  "starterLocked": false,
  "starterSelected": true,
  "starterUUID": "95331c1c-091f-4578-829a-061e9e0b3f28",
  "keyItems": [],
  "battleTheme": "cobblemon:battle.pvp.default",
  "extraData": {
    "koStreak": {
      "name": "koStreak",
      "species": "gloom",
      "count": 1
    },
    "koCount": {
      "name": "koCount",
      "defeats": {
        "kakuna": 1,
        "zigzagoon": 2,
        "bunnelby": 3,
        "hoothoot": 2,
        "oddish": 1,
        "cottonee": 1,
        "shroomish": 1,
        "taillow": 2,
        "gimmighoul": 1,
        "snorunt": 1,
        "beedrill": 1,
        "caterpie": 1,
        "fletchling": 1,
        "voltorb": 1,
        "durant": 1,
        "haunter": 1,
        "metapod": 1,
        "weedle": 1,
        "joltik": 1,
        "shiftry": 1,
        "gloom": 1
      }
    },
    "captureStreak": {
      "name": "captureStreak",
      "species": "slowpoke",
      "count": 1
    },
    "captureCount": {
      "name": "captureCount",
      "defeats": {
        "charmander": 1,
        "sandile": 1,
        "tinkatink": 1,
        "honedge": 1,
        "charmeleon": 1,
        "gimmighoul": 1,
        "aron": 1,
        "gastly": 2,
        "mareep": 1,
        "zigzagoon": 1,
        "tinkatuff": 1,
        "tinkaton": 1,
        "cubone": 1,
        "haunter": 1,
        "mawile": 2,
        "lapras": 1,
        "gyarados": 1,
        "trevenant": 1,
        "slowpoke": 1
      }
    },
    "encounter": {
      "name": "encounter",
      "encounters": {
        "charmander": true,
        "kakuna": true,
        "taillow": true,
        "zigzagoon": true,
        "bunnelby": true,
        "hoothoot": true,
        "oddish": true,
        "seedot": true,
        "cottonee": true,
        "shroomish": true,
        "gimmighoul": true,
        "snorunt": true,
        "beedrill": true,
        "sandile": true,
        "tinkatink": true,
        "honedge": true,
        "charmeleon": true,
        "caterpie": true,
        "fletchling": true,
        "aron": true,
        "gastly": true,
        "voltorb": true,
        "mareep": true,
        "durant": true,
        "tinkatuff": true,
        "tinkaton": true,
        "haunter": true,
        "cubone": true,
        "mawile": true,
        "metapod": true,
        "buneary": true,
        "swellow": true,
        "weedle": true,
        "joltik": true,
        "shiftry": true,
        "wooloo": true,
        "lapras": true,
        "gyarados": true,
        "trevenant": true,
        "slowpoke": true,
        "gloom": true
      }
    }
  },
  "advancementData": {
    "totalCaptureCount": 18,
    "totalEggsHatched": 0,
    "totalEvolvedCount": 2,
    "totalBattleVictoryCount": 37,
    "totalPvPBattleVictoryCount": 0,
    "totalPvWBattleVictoryCount": 37,
    "totalPvNBattleVictoryCount": 0,
    "totalShinyCaptureCount": 0,
    "totalTradedCount": 0,
    "totalTypeCaptureCounts": {
      "ground": 2,
      "dark": 2,
      "fairy": 4,
      "steel": 6,
      "ghost": 6,
      "rock": 1,
      "poison": 3,
      "electric": 1,
      "normal": 1,
      "water": 3,
      "ice": 1,
      "flying": 1,
      "grass": 1,
      "psychic": 1
    },
    "totalDefeatedCounts": {
      "cobblemon:kakuna": 1,
      "cobblemon:zigzagoon": 2,
      "cobblemon:bunnelby": 3,
      "cobblemon:hoothoot": 2,
      "cobblemon:oddish": 1,
      "cobblemon:cottonee": 1,
      "cobblemon:shroomish": 1,
      "cobblemon:taillow": 2,
      "cobblemon:gimmighoul": 1,
      "cobblemon:snorunt": 1,
      "cobblemon:beedrill": 1,
      "cobblemon:caterpie": 1,
      "cobblemon:fletchling": 1,
      "cobblemon:voltorb": 1,
      "cobblemon:durant": 1,
      "cobblemon:haunter": 1,
      "cobblemon:metapod": 1,
      "cobblemon:weedle": 1,
      "cobblemon:joltik": 1,
      "cobblemon:shiftry": 1,
      "cobblemon:gloom": 1
    },
    "aspectsCollected": {}
  }
}