{"stats":{"minecraft:custom":{"minecraft:interact_with_furnace":1,"minecraft:mob_kills":13,"minecraft:interact_with_crafting_table":4,"minecraft:time_since_death":23834,"minecraft:sleep_in_bed":2,"minecraft:time_since_rest":11490,"minecraft:sprint_one_cm":122752,"minecraft:damage_taken":1170,"minecraft:walk_one_cm":99213,"minecraft:drop":8,"minecraft:damage_dealt":1656,"minecraft:swim_one_cm":15412,"minecraft:fly_one_cm":91939,"minecraft:open_chest":1,"minecraft:crouch_one_cm":1774,"minecraft:play_time":50484,"minecraft:deaths":3,"minecraft:sneak_time":850,"minecraft:walk_under_water_one_cm":712,"minecraft:jump":625,"minecraft:walk_on_water_one_cm":2280,"minecraft:total_world_time":50484,"minecraft:interact_with_smoker":8,"minecraft:fall_one_cm":13961},"minecraft:broken":{"minecraft:wooden_axe":1},"minecraft:killed_by":{"minecraft:skeleton":3},"minecraft:crafted":{"minecraft:cooked_beef":3,"minecraft:red_dye":1,"minecraft:oak_planks":24,"minecraft:cooked_porkchop":2,"minecraft:crafting_table":1,"minecraft:wooden_pickaxe":1,"minecraft:stone_axe":1,"minecraft:cooked_mutton":1,"minecraft:air":0,"minecraft:yellow_dye":1,"minecraft:stick":8,"minecraft:stone_pickaxe":1,"minecraft:wooden_axe":1,"minecraft:dark_oak_planks":4,"minecraft:smoker":1},"minecraft:killed":{"minecraft:pig":2,"cobblemon:pokemon":1,"minecraft:sheep":2,"minecraft:skeleton":2,"minecraft:zombie":1,"minecraft:chicken":1,"minecraft:cow":4},"minecraft:dropped":{"minecraft:iron_nugget":1,"minecraft:birch_sapling":1,"minecraft:chicken":2,"minecraft:feather":2,"minecraft:yellow_dye":1,"minecraft:wooden_axe":1,"minecraft:brown_wool":1,"minecraft:white_wool":1},"minecraft:mined":{"minecraft:white_bed":2,"minecraft:smoker":1,"minecraft:dark_oak_log":1,"minecraft:dandelion":1,"minecraft:crafting_table":2,"cobblemon:apricorn_leaves":1,"minecraft:poppy":1,"minecraft:chest":1,"minecraft:oak_planks":6,"minecraft:smooth_stone":6,"minecraft:furnace":1,"minecraft:birch_log":20,"minecraft:spruce_log":1,"minecraft:birch_leaves":6,"minecraft:grass":3,"minecraft:oak_log":6,"minecraft:dirt":3,"minecraft:stone":12,"minecraft:oak_leaves":5},"minecraft:used":{"minecraft:cooked_mutton":4,"minecraft:stone_pickaxe":7,"minecraft:oak_planks":2,"minecraft:wooden_pickaxe":14,"minecraft:dirt":10,"minecraft:crafting_table":2,"minecraft:white_bed":3,"minecraft:smoker":2,"minecraft:wooden_axe":43,"minecraft:stone_axe":16,"minecraft:cooked_porkchop":2},"minecraft:picked_up":{"minecraft:wooden_axe":3,"minecraft:birch_log":33,"minecraft:crafting_table":4,"minecraft:feather":4,"minecraft:cooked_beef":3,"cobblemon_armor_sets:pokemon_scraps":3,"minecraft:chicken":4,"minecraft:brown_wool":2,"minecraft:leather":12,"minecraft:yellow_dye":3,"minecraft:wooden_pickaxe":2,"minecraft:smoker":2,"minecraft:oak_log":6,"minecraft:dirt":49,"minecraft:string":6,"minecraft:flint_and_steel":2,"minecraft:cooked_mutton":4,"cobblemon:white_apricorn":3,"minecraft:bow":3,"simpletms:tr_raindance":1,"minecraft:smooth_stone":6,"cobblemon:green_apricorn":3,"minecraft:beef":6,"minecraft:red_dye":1,"cobblemon:relic_coin":1,"minecraft:iron_nugget":2,"minecraft:poppy":1,"minecraft:rabbit":4,"cobblemon:green_apricorn_seed":1,"minecraft:chest":2,"minecraft:birch_sapling":2,"minecraft:oak_planks":30,"minecraft:furnace":1,"cobblemon:chilan_berry":2,"cobblemon:exp_candy_xs":1,"minecraft:stick":8,"minecraft:cooked_porkchop":1,"patchouli:guide_book":1,"minecraft:dandelion":1,"minecraft:porkchop":6,"cobblemon:pink_apricorn":2,"minecraft:white_bed":4,"minecraft:dark_oak_log":1,"minecraft:dark_oak_planks":28,"cobblemon_armor_sets:cosplaymakingguide":1,"minecraft:arrow":3,"cobblemon:blue_apricorn":5,"minecraft:mutton":5,"minecraft:coal":32,"minecraft:white_wool":5,"minecraft:cobblestone":24}},"DataVersion":3465}