{"stats":{"minecraft:broken":{"minecraft:iron_pickaxe":1,"minecraft:wooden_axe":1},"minecraft:used":{"minecraft:peony":3,"minecraft:shield":35,"minecraft:iron_sword":85,"minecraft:dirt":10,"minecraft:wooden_axe":43,"minecraft:iron_axe":87,"minecraft:bow":1,"minecraft:furnace":3,"minecraft:cooked_beef":40,"minecraft:cobbled_deepslate":7,"minecraft:cooked_mutton":14,"minecraft:diorite":3,"minecraft:birch_planks":21,"minecraft:oak_planks":2,"minecraft:stone_pickaxe":153,"minecraft:ender_pearl":1,"minecraft:wooden_pickaxe":14,"minecraft:crafting_table":11,"minecraft:blast_furnace":4,"cobblemon:black_apricorn_seed":1,"cobblemon:yellow_apricorn_seed":5,"minecraft:white_bed":6,"cobblemon:white_apricorn_seed":2,"minecraft:smoker":3,"cobblemon:green_apricorn_seed":1,"minecraft:diamond_pickaxe":5,"minecraft:iron_pickaxe":344,"minecraft:stone_axe":75,"minecraft:cobblestone":32,"cobblemon:red_apricorn_seed":4,"minecraft:cooked_porkchop":2,"minecraft:bone_meal":128,"cobblemon:blue_apricorn_seed":1},"minecraft:crafted":{"cobblemon:exp_share":1,"minecraft:smooth_stone":3,"minecraft:oak_planks":24,"minecraft:furnace":3,"minecraft:blast_furnace":2,"minecraft:stone":3,"minecraft:bone_meal":360,"minecraft:pink_dye":2,"minecraft:cooked_mutton":9,"minecraft:iron_boots":1,"minecraft:iron_axe":1,"minecraft:stone_pickaxe":1,"minecraft:dark_oak_planks":4,"minecraft:smoker":2,"minecraft:cooked_beef":7,"minecraft:red_dye":1,"minecraft:cooked_porkchop":4,"minecraft:crafting_table":3,"minecraft:wooden_pickaxe":1,"minecraft:iron_helmet":2,"minecraft:iron_sword":1,"minecraft:copper_ingot":18,"minecraft:birch_planks":56,"minecraft:stone_axe":1,"minecraft:air":0,"minecraft:iron_chestplate":1,"minecraft:shield":1,"minecraft:yellow_dye":1,"minecraft:stick":16,"minecraft:iron_ingot":70,"minecraft:iron_pickaxe":2,"minecraft:wooden_axe":1,"minecraft:iron_leggings":1,"minecraft:gold_ingot":17,"cobblemon:ultra_ball":64,"cobblemon:great_ball":12},"minecraft:mined":{"minecraft:diamond_ore":1,"minecraft:spruce_planks":1,"minecraft:white_bed":5,"minecraft:deepslate_diamond_ore":1,"minecraft:dark_oak_log":1,"minecraft:ladder":4,"minecraft:granite":3,"biomesoplenty:bush":2,"minecraft:grass_block":1,"megamons:crystal_fire_stone_ore":2,"biomesoplenty:dead_grass":1,"biomesoplenty:dune_grass":2,"minecraft:sandstone":1,"minecraft:spawner":3,"minecraft:hay_block":16,"minecraft:smooth_stone":6,"megamons:gyaradosite_crystal_ore":1,"minecraft:oak_trapdoor":1,"minecraft:furnace":4,"minecraft:iron_ore":125,"minecraft:cobbled_deepslate":5,"minecraft:andesite":1,"minecraft:peony":3,"minecraft:deepslate_iron_ore":27,"megamons:crystal_ice_stone_ore":1,"minecraft:stone":86,"minecraft:bone_block":41,"megamons:tyranitarite_crystal_ore":1,"minecraft:podzol":1,"megamons:anistarite_rough_geode_block":11,"minecraft:deepslate_redstone_ore":1,"megamons:anistarite_geode_block":19,"minecraft:smoker":2,"biomesoplenty:wildflower":1,"minecraft:amethyst_cluster":1,"minecraft:dandelion":1,"cobblemon:apricorn_leaves":1,"minecraft:crafting_table":8,"minecraft:torch":1,"minecraft:blast_furnace":2,"minecraft:poppy":1,"minecraft:chest":1,"minecraft:copper_ore":15,"minecraft:tall_grass":1,"minecraft:cobblestone":32,"minecraft:deepslate_gold_ore":26,"minecraft:lapis_ore":2,"minecraft:oak_planks":6,"minecraft:diorite":5,"cobblemon:relic_coin_pouch":4,"minecraft:spruce_stairs":1,"minecraft:birch_planks":7,"megamons:charizarditex_crystal_ore":1,"minecraft:blue_terracotta":1,"minecraft:birch_log":20,"minecraft:spruce_log":1,"minecraft:birch_leaves":6,"minecraft:grass":12,"minecraft:coal_ore":43,"minecraft:oak_log":6,"megamons:crystal_sun_stone_ore":1,"minecraft:gravel":4,"minecraft:dirt":4,"minecraft:sand":1,"minecraft:gold_ore":14,"minecraft:oak_leaves":8,"minecraft:deepslate":20},"minecraft:custom":{"minecraft:mob_kills":94,"minecraft:interact_with_crafting_table":32,"minecraft:leave_game":3,"minecraft:time_since_death":9115,"minecraft:climb_one_cm":3727,"minecraft:sprint_one_cm":569687,"minecraft:walk_one_cm":541749,"minecraft:damage_blocked_by_shield":1015,"minecraft:drop":80,"minecraft:play_time":300768,"minecraft:deaths":7,"minecraft:sneak_time":7121,"minecraft:walk_under_water_one_cm":63483,"minecraft:jump":3607,"minecraft:interact_with_blast_furnace":30,"minecraft:walk_on_water_one_cm":32765,"minecraft:total_world_time":300768,"minecraft:interact_with_furnace":21,"minecraft:sleep_in_bed":6,"minecraft:time_since_rest":21496,"minecraft:damage_taken":5842,"minecraft:damage_dealt":16160,"minecraft:player_kills":1,"minecraft:swim_one_cm":86863,"minecraft:fly_one_cm":854032,"minecraft:open_chest":28,"minecraft:crouch_one_cm":14159,"minecraft:interact_with_smoker":13,"minecraft:fall_one_cm":83900},"minecraft:killed_by":{"minecraft:player":1,"minecraft:skeleton":3,"minecraft:zombie":1},"minecraft:picked_up":{"minecraft:wooden_axe":3,"minecraft:iron_chestplate":2,"minecraft:crafting_table":12,"minecraft:chicken":5,"minecraft:ladder":1,"cobblemon:yellow_apricorn":30,"cobblemon:red_apricorn":130,"minecraft:wooden_pickaxe":2,"minecraft:shield":3,"cobblemon:wepear_berry":9,"minecraft:string":71,"minecraft:raw_copper":162,"minecraft:iron_axe":2,"minecraft:flint_and_steel":5,"minecraft:iron_leggings":2,"cobblemon:white_apricorn":23,"simpletms:tr_raindance":4,"minecraft:smooth_stone":6,"minecraft:cobbled_deepslate":21,"cobblemon:green_apricorn":3,"minecraft:bucket":2,"cobblemon:white_apricorn_seed":2,"minecraft:beef":10,"cobblemon_armor_sets:bag_charmander":1,"minecraft:red_dye":1,"cobblemon:oran_berry":108,"cobblemon:relic_coin":23,"minecraft:iron_nugget":2,"minecraft:poppy":1,"minecraft:iron_pickaxe":2,"minecraft:enchanted_golden_apple":2,"biomesoplenty:wildflower":1,"minecraft:chest":2,"minecraft:birch_sapling":2,"cobblemon:green_apricorn_seed":1,"minecraft:iron_boots":2,"minecraft:furnace":4,"minecraft:raw_iron":258,"minecraft:stick":9,"minecraft:copper_ingot":130,"minecraft:torch":1,"minecraft:porkchop":12,"minecraft:diorite":3,"minecraft:carrot":1,"minecraft:redstone":18,"minecraft:dark_oak_planks":28,"minecraft:arrow":8,"minecraft:rotten_flesh":30,"megamons:raw_tyranitarite":3,"minecraft:peony":4,"minecraft:hay_block":48,"minecraft:gold_ingot":6,"minecraft:mutton":13,"minecraft:bone_block":40,"cobblemon:blue_apricorn":20,"minecraft:white_wool":24,"minecraft:cobblestone":242,"minecraft:oxeye_daisy":1,"minecraft:birch_log":47,"minecraft:feather":4,"minecraft:cooked_beef":97,"minecraft:air":0,"cobblemon:great_ball":20,"cobblemon_armor_sets:pokemon_scraps":29,"cobblemon:ultra_ball":130,"minecraft:leather":22,"minecraft:brown_wool":2,"minecraft:yellow_dye":3,"minecraft:smoker":3,"minecraft:birch_planks":6,"minecraft:oak_log":6,"megamons:raw_charizarditex":3,"minecraft:lapis_lazuli":48,"megamons:anistarite_geode_block":32,"minecraft:dirt":50,"minecraft:cooked_mutton":16,"minecraft:bone":3,"minecraft:bow":3,"cobblemon:black_apricorn":2,"minecraft:raw_gold":115,"minecraft:iron_ingot":89,"minecraft:rabbit":6,"minecraft:iron_sword":2,"minecraft:oak_planks":31,"cobblemon:chilan_berry":3,"cobblemon:red_apricorn_seed":4,"cobblemon:exp_candy_xs":9,"minecraft:cooked_porkchop":1,"patchouli:guide_book":1,"minecraft:dandelion":1,"cobblemon:blue_apricorn_seed":1,"cobblemon:fire_stone":2,"cobblemon:premier_ball":7,"minecraft:sand":1,"cobblemon:yellow_apricorn_seed":4,"minecraft:amethyst_shard":8,"cobblemon:persim_berry":5,"minecraft:blast_furnace":2,"cobblemon:pink_apricorn":8,"minecraft:white_bed":7,"minecraft:dark_oak_log":1,"minecraft:spider_eye":5,"megamons:raw_gyaradosite":3,"megamons:anistarite_rough_geode_block":15,"cobblemon_armor_sets:cosplaymakingguide":3,"minecraft:diamond":6,"minecraft:stone_axe":1,"minecraft:iron_helmet":2,"minecraft:bone_meal":128,"cobblemon:ice_stone":1,"minecraft:coal":163,"minecraft:pink_dye":2,"minecraft:diamond_pickaxe":2,"minecraft:ender_pearl":1},"minecraft:killed":{"minecraft:witch":1,"minecraft:spider":9,"minecraft:skeleton":13,"minecraft:chicken":1,"minecraft:husk":3,"minecraft:pig":5,"cobblemon:pokemon":1,"minecraft:sheep":6,"minecraft:zombie":44,"minecraft:enderman":1,"minecraft:cow":6},"minecraft:dropped":{"minecraft:iron_ingot":3,"simpletms:tr_takedown":1,"minecraft:porkchop":2,"minecraft:lapis_lazuli":13,"minecraft:crafting_table":1,"minecraft:feather":2,"minecraft:cobblestone":1,"cobblemon:persim_berry":5,"minecraft:leather":8,"cobblemon:oran_berry":7,"cobblemon:chilan_berry":1,"minecraft:coal":3,"minecraft:golden_apple":1,"minecraft:stick":1,"minecraft:yellow_dye":1,"minecraft:wooden_axe":1,"minecraft:brown_wool":1,"cobblemon:ice_stone":2,"minecraft:bone_meal":128,"cobblemon:blue_apricorn_seed":2,"minecraft:string":79,"minecraft:white_wool":1,"minecraft:bone":10,"minecraft:stone_axe":1,"cobblemon:wepear_berry":9,"minecraft:iron_nugget":1,"minecraft:cobbled_deepslate":14,"cobblemon_armor_sets:bag_squirtle":1,"minecraft:pink_dye":3,"minecraft:birch_sapling":1,"minecraft:chicken":2,"minecraft:rotten_flesh":26,"minecraft:oak_planks":1,"cobblemon:premier_ball":6,"megamons:anistarite_geode_block":32,"minecraft:carrot":1,"megamons:anistarite_rough_geode_block":15,"cobblemon_armor_sets:bag_charmander":2,"minecraft:shield":1,"biomesoplenty:wildflower":1,"minecraft:chest":1,"minecraft:spider_eye":4,"cobblemon:fire_stone":2,"minecraft:bow":1,"minecraft:arrow":6,"minecraft:stone_pickaxe":1,"minecraft:wooden_pickaxe":1,"minecraft:raw_gold":2}},"DataVersion":3465}