{"stats":{"minecraft:killed_by":{"minecraft:pillager":1},"minecraft:picked_up":{"ars_nouveau:sourceberry_bush":12,"minecraft:cornflower":1},"minecraft:custom":{"minecraft:jump":63,"minecraft:time_since_rest":21283,"minecraft:leave_game":1,"lootr:looted_stat":2,"minecraft:crouch_one_cm":549,"minecraft:sprint_one_cm":2412,"minecraft:deaths":1,"minecraft:play_time":21897,"minecraft:damage_taken":350,"minecraft:time_since_death":20813,"minecraft:walk_one_cm":22823,"minecraft:sneak_time":453,"minecraft:total_world_time":21897,"minecraft:fall_one_cm":418,"minecraft:fly_one_cm":5968},"minecraft:used":{"wom:agony":7},"minecraft:mined":{"ars_nouveau:sourceberry_bush":5,"minecraft:fern":1,"minecraft:cornflower":1}},"DataVersion":3465}