{"stats":{"minecraft:dropped":{"minecraft:iron_ingot":3,"simpletms:tr_takedown":1,"minecraft:porkchop":2,"minecraft:feather":2,"minecraft:cobblestone":1,"cobblemon:persim_berry":5,"cobblemon:oran_berry":7,"minecraft:coal":1,"minecraft:yellow_dye":1,"minecraft:wooden_axe":1,"minecraft:brown_wool":1,"cobblemon:ice_stone":1,"minecraft:bone_meal":128,"cobblemon:blue_apricorn_seed":2,"minecraft:string":4,"minecraft:white_wool":1,"cobblemon:wepear_berry":9,"minecraft:iron_nugget":1,"cobblemon_armor_sets:bag_squirtle":1,"minecraft:pink_dye":3,"minecraft:birch_sapling":1,"minecraft:chicken":2,"minecraft:oak_planks":1,"cobblemon_armor_sets:bag_charmander":1,"biomesoplenty:wildflower":1,"minecraft:chest":1,"minecraft:bow":1,"minecraft:arrow":1,"minecraft:wooden_pickaxe":1},"minecraft:crafted":{"minecraft:oak_planks":24,"minecraft:furnace":2,"minecraft:blast_furnace":1,"minecraft:bone_meal":360,"minecraft:pink_dye":2,"minecraft:cooked_mutton":9,"minecraft:stone_pickaxe":1,"minecraft:dark_oak_planks":4,"minecraft:smoker":2,"minecraft:cooked_beef":7,"minecraft:red_dye":1,"minecraft:cooked_porkchop":4,"minecraft:crafting_table":2,"minecraft:wooden_pickaxe":1,"minecraft:copper_ingot":18,"minecraft:birch_planks":56,"minecraft:stone_axe":1,"minecraft:air":0,"minecraft:yellow_dye":1,"minecraft:stick":8,"minecraft:wooden_axe":1,"cobblemon:great_ball":12},"minecraft:used":{"minecraft:peony":3,"minecraft:dirt":10,"minecraft:wooden_axe":43,"minecraft:bow":1,"minecraft:furnace":1,"minecraft:cooked_beef":10,"minecraft:cooked_mutton":14,"minecraft:birch_planks":17,"minecraft:stone_pickaxe":123,"minecraft:oak_planks":2,"minecraft:wooden_pickaxe":14,"minecraft:crafting_table":5,"minecraft:blast_furnace":1,"cobblemon:black_apricorn_seed":1,"cobblemon:yellow_apricorn_seed":5,"minecraft:white_bed":6,"cobblemon:white_apricorn_seed":2,"minecraft:smoker":3,"cobblemon:green_apricorn_seed":1,"minecraft:stone_axe":63,"cobblemon:red_apricorn_seed":4,"minecraft:cooked_porkchop":2,"minecraft:bone_meal":128,"cobblemon:blue_apricorn_seed":1},"minecraft:broken":{"minecraft:wooden_axe":1},"minecraft:custom":{"minecraft:mob_kills":31,"minecraft:interact_with_crafting_table":12,"minecraft:time_since_death":69789,"minecraft:climb_one_cm":3711,"minecraft:sprint_one_cm":391869,"minecraft:walk_one_cm":296215,"minecraft:drop":34,"minecraft:play_time":163367,"minecraft:deaths":5,"minecraft:sneak_time":3139,"minecraft:walk_under_water_one_cm":60334,"minecraft:jump":2434,"minecraft:interact_with_blast_furnace":12,"minecraft:walk_on_water_one_cm":25186,"minecraft:total_world_time":163367,"minecraft:interact_with_furnace":5,"minecraft:sleep_in_bed":6,"minecraft:time_since_rest":39437,"minecraft:damage_taken":2740,"minecraft:damage_dealt":4232,"minecraft:swim_one_cm":80712,"minecraft:fly_one_cm":536855,"minecraft:open_chest":10,"minecraft:crouch_one_cm":7058,"minecraft:interact_with_smoker":13,"minecraft:fall_one_cm":61254},"minecraft:mined":{"minecraft:white_bed":5,"minecraft:dark_oak_log":1,"minecraft:ladder":4,"biomesoplenty:bush":2,"minecraft:grass_block":1,"biomesoplenty:dead_grass":1,"minecraft:sandstone":1,"biomesoplenty:dune_grass":2,"minecraft:smooth_stone":6,"minecraft:oak_trapdoor":1,"minecraft:furnace":2,"minecraft:iron_ore":2,"minecraft:peony":3,"minecraft:stone":26,"minecraft:bone_block":41,"minecraft:smoker":2,"biomesoplenty:wildflower":1,"minecraft:dandelion":1,"minecraft:crafting_table":4,"minecraft:torch":1,"cobblemon:apricorn_leaves":1,"minecraft:poppy":1,"minecraft:chest":1,"minecraft:tall_grass":1,"minecraft:copper_ore":10,"minecraft:cobblestone":5,"minecraft:oak_planks":6,"cobblemon:relic_coin_pouch":2,"minecraft:birch_planks":7,"minecraft:blue_terracotta":1,"minecraft:birch_log":20,"minecraft:spruce_log":1,"minecraft:birch_leaves":6,"minecraft:grass":9,"minecraft:oak_log":6,"minecraft:coal_ore":36,"minecraft:sand":1,"minecraft:dirt":3,"minecraft:oak_leaves":8},"minecraft:killed_by":{"minecraft:skeleton":3},"minecraft:picked_up":{"minecraft:wooden_axe":3,"minecraft:crafting_table":8,"minecraft:ladder":1,"minecraft:chicken":5,"cobblemon:yellow_apricorn":30,"cobblemon:red_apricorn":54,"minecraft:wooden_pickaxe":2,"cobblemon:wepear_berry":9,"minecraft:string":17,"minecraft:raw_copper":48,"minecraft:flint_and_steel":3,"cobblemon:white_apricorn":23,"simpletms:tr_raindance":2,"minecraft:smooth_stone":6,"cobblemon:green_apricorn":3,"cobblemon:white_apricorn_seed":2,"minecraft:beef":10,"cobblemon_armor_sets:bag_charmander":1,"minecraft:red_dye":1,"cobblemon:oran_berry":28,"cobblemon:relic_coin":13,"minecraft:iron_nugget":2,"minecraft:poppy":1,"minecraft:birch_sapling":2,"biomesoplenty:wildflower":1,"minecraft:chest":2,"cobblemon:green_apricorn_seed":1,"minecraft:furnace":2,"minecraft:stick":8,"minecraft:raw_iron":2,"minecraft:copper_ingot":2,"minecraft:torch":1,"minecraft:porkchop":8,"minecraft:dark_oak_planks":28,"minecraft:arrow":3,"minecraft:rotten_flesh":6,"minecraft:peony":4,"minecraft:mutton":13,"minecraft:cobblestone":35,"cobblemon:blue_apricorn":20,"minecraft:bone_block":40,"minecraft:white_wool":14,"minecraft:oxeye_daisy":1,"minecraft:birch_log":47,"minecraft:air":0,"minecraft:cooked_beef":3,"minecraft:feather":4,"cobblemon:great_ball":12,"cobblemon_armor_sets:pokemon_scraps":10,"minecraft:brown_wool":2,"minecraft:leather":22,"minecraft:yellow_dye":3,"minecraft:smoker":3,"minecraft:birch_planks":6,"minecraft:oak_log":6,"minecraft:dirt":50,"minecraft:cooked_mutton":16,"minecraft:bow":3,"cobblemon:black_apricorn":2,"minecraft:iron_ingot":13,"minecraft:rabbit":6,"minecraft:oak_planks":31,"cobblemon:chilan_berry":3,"cobblemon:red_apricorn_seed":4,"cobblemon:exp_candy_xs":1,"minecraft:cooked_porkchop":1,"patchouli:guide_book":1,"minecraft:dandelion":1,"cobblemon:blue_apricorn_seed":1,"cobblemon:premier_ball":4,"minecraft:sand":1,"cobblemon:yellow_apricorn_seed":4,"cobblemon:persim_berry":5,"cobblemon:pink_apricorn":4,"minecraft:white_bed":7,"minecraft:dark_oak_log":1,"minecraft:spider_eye":1,"cobblemon_armor_sets:cosplaymakingguide":2,"minecraft:stone_axe":1,"cobblemon:ice_stone":1,"minecraft:coal":122,"minecraft:pink_dye":2},"minecraft:killed":{"minecraft:spider":4,"minecraft:skeleton":2,"minecraft:chicken":1,"minecraft:husk":3,"minecraft:pig":2,"cobblemon:pokemon":1,"minecraft:sheep":6,"minecraft:zombie":6,"minecraft:cow":6}},"DataVersion":3465}