{"stats":{"minecraft:custom":{"minecraft:time_since_rest":4696,"lootr:looted_stat":24,"minecraft:interact_with_furnace":7,"minecraft:sprint_one_cm":26996,"minecraft:damage_taken":2115,"minecraft:walk_one_cm":206852,"minecraft:mob_kills":31,"minecraft:drop":15,"minecraft:damage_dealt":8392,"minecraft:fly_one_cm":68529,"minecraft:interact_with_crafting_table":7,"minecraft:open_chest":3,"minecraft:crouch_one_cm":14967,"minecraft:play_time":109676,"minecraft:deaths":1,"minecraft:sneak_time":4892,"minecraft:walk_under_water_one_cm":114,"minecraft:jump":756,"minecraft:sleep_in_bed":4,"minecraft:leave_game":1,"minecraft:time_since_death":108592,"minecraft:walk_on_water_one_cm":1169,"minecraft:total_world_time":109676,"minecraft:climb_one_cm":4450,"minecraft:fall_one_cm":16247},"minecraft:killed":{"minecraft:pillager":15,"eternal_tales:interdimensionipyre":8,"eternal_tales:interdimensional_zombie":4,"eternal_tales:dimensioner":3},"minecraft:dropped":{"farmersdelight:tomato_seeds":4,"minecraft:gravel":1,"minecraft:spruce_planks":23,"minecraft:cornflower":1,"weaponmaster:tutorialbook":1,"minecraft:andesite":1,"minecraft:wheat":1,"gravestone:obituary":2,"minecraft:wooden_pickaxe":2,"minecraft:pumpkin_seeds":4,"farmersdelight:rice":1,"minecraft:stick":7},"minecraft:killed_by":{"minecraft:pillager":1},"minecraft:used":{"wom:agony":192,"minecraft:bread":13,"minecraft:stone_pickaxe":44,"minecraft:spruce_planks":2,"minecraft:wooden_pickaxe":29,"minecraft:crafting_table":3,"minecraft:furnace":1,"ars_nouveau:sourceberry_bush":10,"minecraft:white_bed":3},"minecraft:mined":{"minecraft:hay_block":4,"minecraft:white_bed":4,"minecraft:iron_ore":23,"ars_nouveau:light_block":1,"minecraft:dark_oak_log":2,"minecraft:andesite":1,"minecraft:crafting_table":3,"minecraft:cornflower":1,"minecraft:grass":7,"minecraft:allium":1,"chococraft:gysahl_green":1,"minecraft:grass_block":1,"minecraft:coal_ore":22,"minecraft:gravel":1,"minecraft:stone":17,"ars_nouveau:sourceberry_bush":5,"minecraft:fern":1,"minecraft:spawner":5},"minecraft:crafted":{"minecraft:iron_boots":1,"minecraft:iron_chestplate":1,"minecraft:spruce_planks":96,"minecraft:stick":12,"minecraft:iron_ingot":20,"minecraft:wooden_pickaxe":1,"minecraft:stone_pickaxe":1,"minecraft:furnace":1,"minecraft:air":0,"minecraft:bread":13,"minecraft:wheat":36},"minecraft:picked_up":{"minecraft:raw_iron":25,"minecraft:stick":7,"minecraft:crafting_table":3,"minecraft:andesite":1,"minecraft:wooden_pickaxe":1,"minecraft:gravel":1,"gravestone:obituary":1,"minecraft:white_bed":4,"minecraft:dark_oak_log":1,"minecraft:cornflower":1,"minecraft:arrow":5,"minecraft:hay_block":4,"ars_nouveau:sourceberry_bush":12,"minecraft:iron_chestplate":1,"minecraft:coal":23,"minecraft:cobblestone":18}},"DataVersion":3465}