{"stats":{"minecraft:custom":{"minecraft:interact_with_furnace":7,"lootr:looted_stat":24,"minecraft:mob_kills":44,"minecraft:interact_with_crafting_table":9,"minecraft:leave_game":1,"minecraft:time_since_death":11076,"minecraft:sleep_in_bed":5,"minecraft:climb_one_cm":5494,"minecraft:time_since_rest":3849,"minecraft:sprint_one_cm":36772,"minecraft:damage_taken":2691,"minecraft:walk_one_cm":244782,"minecraft:drop":22,"minecraft:damage_dealt":12022,"minecraft:fly_one_cm":88628,"minecraft:open_chest":6,"minecraft:crouch_one_cm":24532,"minecraft:play_time":121676,"minecraft:deaths":2,"minecraft:sneak_time":7448,"minecraft:walk_under_water_one_cm":8355,"minecraft:jump":1009,"minecraft:walk_on_water_one_cm":2015,"minecraft:total_world_time":121676,"minecraft:fall_one_cm":24724},"minecraft:killed":{"eternal_tales:interdimensional_zombie":14,"minecraft:pillager":15,"eternal_tales:interdimensionipyre":9,"born_in_chaos_v1:firelight_not_despawn":1,"eternal_tales:dimensioner":3,"chococraft:chocobo":1},"minecraft:dropped":{"farmersdelight:tomato_seeds":4,"minecraft:gravel":1,"tetra:scroll_rolled":1,"born_in_chaos_v1:fire_dust":1,"weaponmaster:tutorialbook":1,"minecraft:wheat":1,"minecraft:pumpkin_seeds":4,"farmersdelight:rice":1,"minecraft:stick":7,"ars_nouveau:sourceberry_bush":5,"minecraft:spruce_planks":23,"minecraft:cornflower":1,"minecraft:andesite":1,"minecraft:melon_seeds":4,"eternal_tales:comet_bricks":1,"gravestone:obituary":3,"eternal_tales:eternal_town_spawner":1,"minecraft:wooden_pickaxe":2},"minecraft:killed_by":{"minecraft:pillager":1,"eternal_tales:interdimensional_zombie":1},"minecraft:mined":{"minecraft:white_bed":4,"ars_nouveau:light_block":1,"minecraft:dark_oak_log":2,"minecraft:crafting_table":4,"minecraft:cornflower":1,"gravestone:gravestone":1,"minecraft:allium":1,"minecraft:grass_block":1,"ars_nouveau:sourceberry_bush":5,"minecraft:spawner":6,"minecraft:hay_block":4,"minecraft:iron_ore":75,"minecraft:fire":1,"minecraft:andesite":1,"minecraft:grass":8,"chococraft:gysahl_green":3,"minecraft:coal_ore":63,"minecraft:lantern":1,"minecraft:gravel":1,"minecraft:stone_bricks":1,"minecraft:stone":21,"eternal_tales:comet_bricks":1,"minecraft:fern":1},"minecraft:used":{"epicfight:skillbook":2,"minecraft:stone_pickaxe":146,"minecraft:spruce_planks":3,"minecraft:wooden_pickaxe":29,"minecraft:crafting_table":4,"minecraft:white_bed":3,"wom:agony":271,"minecraft:bread":22,"minecraft:furnace":1,"ars_nouveau:sourceberry_bush":16},"minecraft:broken":{"minecraft:stone_pickaxe":1},"minecraft:crafted":{"minecraft:crafting_table":1,"minecraft:spruce_planks":96,"minecraft:wooden_pickaxe":1,"minecraft:furnace":1,"minecraft:bread":13,"minecraft:air":0,"minecraft:iron_boots":1,"minecraft:iron_chestplate":1,"minecraft:stick":12,"minecraft:iron_ingot":20,"minecraft:stone_pickaxe":2,"minecraft:wheat":36},"minecraft:picked_up":{"minecraft:iron_chestplate":1,"minecraft:crafting_table":4,"minecraft:andesite":1,"minecraft:wooden_pickaxe":1,"gravestone:obituary":1,"minecraft:cornflower":1,"chococraft:chocobo_feather":2,"chococraft:gysahl_green":7,"eternal_tales:comet_bricks":1,"minecraft:stick":7,"minecraft:raw_iron":77,"minecraft:gravel":1,"minecraft:white_bed":4,"minecraft:dark_oak_log":1,"minecraft:arrow":5,"born_in_chaos_v1:fire_dust":1,"minecraft:hay_block":4,"ars_nouveau:sourceberry_bush":12,"minecraft:melon_seeds":4,"minecraft:coal":65,"minecraft:cobblestone":22}},"DataVersion":3465}