{"stats":{"minecraft:custom":{"minecraft:mob_kills":24,"minecraft:interact_with_crafting_table":12,"minecraft:time_since_death":11114,"minecraft:climb_one_cm":1634,"minecraft:sprint_one_cm":265057,"minecraft:walk_one_cm":217090,"minecraft:drop":22,"minecraft:play_time":104692,"minecraft:deaths":5,"minecraft:sneak_time":2587,"minecraft:walk_under_water_one_cm":57351,"minecraft:jump":1530,"minecraft:interact_with_blast_furnace":11,"minecraft:walk_on_water_one_cm":18143,"minecraft:total_world_time":104692,"minecraft:interact_with_furnace":5,"minecraft:sleep_in_bed":4,"minecraft:time_since_rest":15877,"minecraft:damage_taken":1975,"minecraft:damage_dealt":3022,"minecraft:swim_one_cm":59489,"minecraft:fly_one_cm":259293,"minecraft:open_chest":6,"minecraft:crouch_one_cm":5801,"minecraft:interact_with_smoker":13,"minecraft:fall_one_cm":37336},"minecraft:broken":{"minecraft:wooden_axe":1},"minecraft:killed_by":{"minecraft:skeleton":3},"minecraft:crafted":{"minecraft:oak_planks":24,"minecraft:furnace":2,"minecraft:blast_furnace":1,"minecraft:cooked_mutton":9,"minecraft:stone_pickaxe":1,"minecraft:dark_oak_planks":4,"minecraft:smoker":2,"minecraft:cooked_beef":7,"minecraft:red_dye":1,"minecraft:cooked_porkchop":4,"minecraft:crafting_table":2,"minecraft:wooden_pickaxe":1,"minecraft:copper_ingot":18,"minecraft:birch_planks":56,"minecraft:stone_axe":1,"minecraft:air":0,"minecraft:yellow_dye":1,"minecraft:stick":8,"minecraft:wooden_axe":1,"cobblemon:great_ball":12},"minecraft:killed":{"minecraft:skeleton":2,"minecraft:chicken":1,"minecraft:pig":2,"cobblemon:pokemon":1,"minecraft:sheep":6,"minecraft:zombie":6,"minecraft:cow":6},"minecraft:used":{"minecraft:dirt":10,"minecraft:wooden_axe":43,"minecraft:bow":1,"minecraft:furnace":1,"minecraft:cooked_beef":7,"minecraft:cooked_mutton":4,"minecraft:birch_planks":2,"minecraft:stone_pickaxe":86,"minecraft:oak_planks":2,"minecraft:wooden_pickaxe":14,"minecraft:crafting_table":5,"cobblemon:yellow_apricorn_seed":1,"minecraft:blast_furnace":1,"cobblemon:white_apricorn_seed":1,"minecraft:white_bed":6,"minecraft:smoker":3,"cobblemon:green_apricorn_seed":1,"minecraft:stone_axe":41,"cobblemon:red_apricorn_seed":1,"minecraft:cooked_porkchop":2},"minecraft:mined":{"minecraft:white_bed":5,"minecraft:dark_oak_log":1,"minecraft:grass_block":1,"minecraft:smooth_stone":6,"minecraft:furnace":2,"minecraft:iron_ore":1,"minecraft:stone":26,"minecraft:bone_block":25,"minecraft:smoker":2,"minecraft:dandelion":1,"minecraft:crafting_table":4,"cobblemon:apricorn_leaves":1,"minecraft:poppy":1,"minecraft:chest":1,"minecraft:cobblestone":5,"minecraft:tall_grass":1,"minecraft:copper_ore":2,"minecraft:oak_planks":6,"minecraft:birch_planks":2,"minecraft:birch_log":20,"minecraft:spruce_log":1,"minecraft:birch_leaves":6,"minecraft:grass":6,"minecraft:oak_log":6,"minecraft:coal_ore":28,"minecraft:sand":1,"minecraft:dirt":3,"minecraft:oak_leaves":8},"minecraft:dropped":{"minecraft:iron_ingot":3,"simpletms:tr_takedown":1,"minecraft:porkchop":2,"minecraft:feather":2,"minecraft:cobblestone":1,"cobblemon:persim_berry":5,"minecraft:coal":1,"cobblemon:oran_berry":7,"minecraft:yellow_dye":1,"minecraft:wooden_axe":1,"minecraft:brown_wool":1,"minecraft:string":4,"minecraft:white_wool":1,"cobblemon:wepear_berry":9,"minecraft:iron_nugget":1,"minecraft:birch_sapling":1,"minecraft:chicken":2,"minecraft:chest":1,"minecraft:bow":1,"minecraft:arrow":1,"minecraft:wooden_pickaxe":1},"minecraft:picked_up":{"minecraft:wooden_axe":3,"minecraft:crafting_table":8,"minecraft:chicken":4,"cobblemon:yellow_apricorn":6,"cobblemon:red_apricorn":26,"minecraft:wooden_pickaxe":2,"cobblemon:wepear_berry":9,"minecraft:string":14,"minecraft:raw_copper":18,"minecraft:flint_and_steel":3,"cobblemon:white_apricorn":19,"simpletms:tr_raindance":2,"minecraft:smooth_stone":6,"cobblemon:green_apricorn":3,"cobblemon:white_apricorn_seed":2,"minecraft:beef":10,"minecraft:red_dye":1,"cobblemon:oran_berry":19,"cobblemon:relic_coin":1,"minecraft:iron_nugget":2,"minecraft:poppy":1,"minecraft:birch_sapling":2,"minecraft:chest":2,"cobblemon:green_apricorn_seed":1,"minecraft:furnace":2,"minecraft:stick":8,"minecraft:raw_iron":1,"minecraft:copper_ingot":2,"minecraft:porkchop":8,"minecraft:dark_oak_planks":28,"minecraft:arrow":3,"minecraft:rotten_flesh":3,"minecraft:peony":1,"minecraft:mutton":13,"minecraft:cobblestone":35,"cobblemon:blue_apricorn":20,"minecraft:white_wool":14,"minecraft:bone_block":21,"minecraft:oxeye_daisy":1,"minecraft:birch_log":47,"minecraft:cooked_beef":3,"minecraft:feather":4,"cobblemon:great_ball":12,"cobblemon_armor_sets:pokemon_scraps":10,"minecraft:brown_wool":2,"minecraft:leather":22,"minecraft:yellow_dye":3,"minecraft:smoker":3,"minecraft:birch_planks":2,"minecraft:oak_log":6,"minecraft:dirt":50,"minecraft:cooked_mutton":16,"minecraft:bow":3,"cobblemon:black_apricorn":2,"minecraft:iron_ingot":13,"minecraft:rabbit":6,"minecraft:oak_planks":31,"cobblemon:chilan_berry":3,"cobblemon:red_apricorn_seed":1,"cobblemon:exp_candy_xs":1,"minecraft:cooked_porkchop":1,"patchouli:guide_book":1,"minecraft:dandelion":1,"minecraft:sand":1,"cobblemon:persim_berry":5,"cobblemon:pink_apricorn":4,"minecraft:white_bed":7,"minecraft:dark_oak_log":1,"cobblemon_armor_sets:cosplaymakingguide":2,"minecraft:stone_axe":1,"minecraft:coal":114}},"DataVersion":3465}