{"stats":{"minecraft:custom":{"minecraft:time_since_rest":73062,"minecraft:interact_with_furnace":1,"minecraft:crouch_one_cm":3221,"minecraft:play_time":73676,"lootr:looted_stat":21,"minecraft:sprint_one_cm":5795,"minecraft:deaths":1,"minecraft:damage_taken":420,"minecraft:walk_one_cm":97739,"minecraft:sneak_time":1229,"minecraft:walk_under_water_one_cm":114,"minecraft:jump":234,"minecraft:damage_dealt":58,"minecraft:leave_game":1,"minecraft:walk_on_water_one_cm":205,"minecraft:time_since_death":72592,"minecraft:climb_one_cm":1046,"minecraft:total_world_time":73676,"minecraft:fall_one_cm":4893,"minecraft:fly_one_cm":11502},"minecraft:killed_by":{"minecraft:pillager":1},"minecraft:used":{"wom:agony":14},"minecraft:mined":{"minecraft:hay_block":4,"minecraft:grass":1,"minecraft:allium":1,"minecraft:white_bed":1,"ars_nouveau:sourceberry_bush":5,"minecraft:crafting_table":1,"minecraft:fern":1,"minecraft:cornflower":1},"minecraft:picked_up":{"minecraft:crafting_table":1,"minecraft:white_bed":1,"ars_nouveau:sourceberry_bush":12,"minecraft:cornflower":1}},"DataVersion":3465}