{"stats":{"minecraft:custom":{"minecraft:interact_with_furnace":8,"lootr:looted_stat":36,"minecraft:mob_kills":66,"minecraft:interact_with_crafting_table":11,"minecraft:leave_game":5,"minecraft:time_since_death":23352,"minecraft:sleep_in_bed":7,"minecraft:climb_one_cm":7779,"minecraft:time_since_rest":12464,"minecraft:waystone_activated":1,"minecraft:sprint_one_cm":53086,"minecraft:damage_absorbed":40,"minecraft:damage_taken":4303,"minecraft:walk_one_cm":378025,"minecraft:drop":35,"minecraft:damage_dealt":17965,"minecraft:talked_to_villager":1,"minecraft:fly_one_cm":307541,"minecraft:open_chest":7,"minecraft:crouch_one_cm":35493,"minecraft:play_time":177408,"minecraft:deaths":3,"minecraft:sneak_time":11464,"minecraft:walk_under_water_one_cm":8355,"minecraft:jump":1316,"minecraft:walk_on_water_one_cm":2015,"minecraft:total_world_time":177408,"minecraft:fall_one_cm":34985},"minecraft:mined":{"minecraft:dark_oak_planks":1,"minecraft:spruce_planks":1,"minecraft:white_bed":6,"minecraft:glass_pane":2,"ars_nouveau:light_block":2,"minecraft:cobblestone_stairs":1,"minecraft:dark_oak_log":2,"blue_skies:moonstone":1,"minecraft:crafting_table":6,"minecraft:cornflower":1,"gravestone:gravestone":1,"minecraft:allium":1,"minecraft:grass_block":1,"minecraft:cobblestone":4,"ars_nouveau:sourceberry_bush":5,"minecraft:oak_planks":2,"minecraft:oxeye_daisy":1,"minecraft:spawner":6,"minecraft:hay_block":13,"minecraft:furnace":1,"minecraft:iron_ore":87,"minecraft:fire":1,"minecraft:ice":1,"minecraft:andesite":1,"minecraft:grass":14,"chococraft:gysahl_green":7,"minecraft:coal_ore":83,"minecraft:lantern":1,"minecraft:gravel":1,"minecraft:packed_ice":1,"minecraft:stone":63,"minecraft:stone_bricks":1,"minecraft:fern":1,"eternal_tales:comet_bricks":1},"minecraft:crafted":{"minecraft:crafting_table":1,"minecraft:spruce_planks":96,"minecraft:wooden_pickaxe":1,"minecraft:furnace":1,"minecraft:bread":40,"minecraft:air":0,"minecraft:iron_chestplate":1,"minecraft:iron_boots":1,"minecraft:stick":12,"minecraft:iron_ingot":25,"minecraft:stone_pickaxe":2,"chococraft:chocobo_saddle":1,"minecraft:wheat":117},"minecraft:picked_up":{"minecraft:charcoal":5,"minecraft:iron_chestplate":1,"minecraft:crafting_table":6,"minecraft:andesite":1,"gnumus:gnumus_claw":1,"minecraft:wooden_pickaxe":1,"gnumus:gnumus_pouch":3,"gravestone:obituary":1,"minecraft:cornflower":1,"minecraft:string":1,"gnumus:gnumus_pouch_2":2,"chococraft:chocobo_feather":2,"minecraft:bone":2,"chococraft:gysahl_green":17,"irons_spellbooks:arcane_essence":10,"minecraft:wheat_seeds":1,"minecraft:stone_pickaxe":1,"eternal_tales:comet_bricks":1,"irons_spellbooks:epic_ink":1,"minecraft:iron_sword":1,"minecraft:furnace":1,"wom:agony":1,"minecraft:stick":7,"minecraft:raw_iron":89,"minecraft:gravel":1,"minecraft:white_bed":6,"minecraft:dark_oak_log":1,"minecraft:dark_oak_planks":1,"irons_spellbooks:ice_rune":1,"minecraft:arrow":5,"born_in_chaos_v1:fire_dust":1,"minecraft:hay_block":13,"gnumus:mouse_skin":8,"ars_nouveau:sourceberry_bush":12,"eternal_tales:heart_et":1,"minecraft:melon_seeds":4,"irons_spellbooks:scroll":1,"minecraft:coal":68,"minecraft:cobblestone":67},"minecraft:killed":{"eternal_tales:interdimensional_zombie":14,"gnumus:gnumus_hunter_not_dispawn":2,"minecraft:spider":1,"irons_spellbooks:cryomancer":1,"born_in_chaos_v1:decrepit_skeleton":1,"minecraft:skeleton":1,"minecraft:pillager":22,"gnumus:gnumus_worker":2,"minecraft:zombie":3,"samurai_dynasty:tanuki":1,"eternal_tales:interdimensionipyre":9,"born_in_chaos_v1:firelight_not_despawn":1,"eternal_tales:dimensioner":3,"chococraft:chocobo":1},"minecraft:dropped":{"minecraft:gravel":1,"minecraft:iron_sword":2,"wom:agony":1,"tetra:scroll_rolled":1,"minecraft:wheat_seeds":1,"ars_nouveau:wilden_spike":1,"born_in_chaos_v1:fire_dust":1,"chococraft:chocobo_feather":1,"weaponmaster:tutorialbook":1,"minecraft:wheat":1,"minecraft:pumpkin_seeds":4,"farmersdelight:rice":1,"minecraft:stick":7,"ars_nouveau:sourceberry_bush":5,"gnumus:gnumus_claw":1,"minecraft:spruce_planks":23,"minecraft:cornflower":1,"minecraft:charcoal":5,"minecraft:andesite":1,"minecraft:melon_seeds":8,"eternal_tales:comet_bricks":1,"gravestone:obituary":4,"irons_spellbooks:arcane_essence":5,"eternal_tales:eternal_town_spawner":1,"minecraft:stone_pickaxe":1,"minecraft:wooden_pickaxe":2,"chococraft:gysahl_green":9,"farmersdelight:tomato_seeds":4},"minecraft:killed_by":{"minecraft:pillager":2,"eternal_tales:interdimensional_zombie":1},"minecraft:broken":{"minecraft:stone_pickaxe":1},"minecraft:used":{"epicfight:skillbook":2,"minecraft:stone_pickaxe":243,"minecraft:spruce_planks":3,"minecraft:wooden_pickaxe":29,"minecraft:golden_apple":1,"minecraft:crafting_table":6,"minecraft:white_bed":5,"wom:agony":424,"minecraft:bread":33,"minecraft:cobblestone":14,"minecraft:potion":1,"minecraft:furnace":1,"ars_nouveau:sourceberry_bush":16}},"DataVersion":3465}