{"stats":{"minecraft:custom":{"minecraft:interact_with_furnace":8,"lootr:looted_stat":38,"minecraft:mob_kills":67,"minecraft:interact_with_crafting_table":13,"minecraft:leave_game":5,"minecraft:time_since_death":8792,"minecraft:sleep_in_bed":7,"minecraft:climb_one_cm":7779,"minecraft:time_since_rest":8813,"minecraft:waystone_activated":1,"minecraft:sprint_one_cm":60570,"minecraft:damage_absorbed":40,"minecraft:damage_taken":4855,"minecraft:walk_one_cm":422625,"minecraft:drop":38,"minecraft:damage_dealt":19241,"minecraft:talked_to_villager":1,"minecraft:fly_one_cm":405519,"minecraft:open_chest":9,"minecraft:crouch_one_cm":37629,"minecraft:play_time":189344,"minecraft:deaths":4,"minecraft:sneak_time":13853,"minecraft:walk_under_water_one_cm":8355,"minecraft:jump":1433,"minecraft:walk_on_water_one_cm":2015,"minecraft:total_world_time":189344,"minecraft:fall_one_cm":40392},"minecraft:mined":{"minecraft:dark_oak_planks":1,"minecraft:spruce_planks":1,"minecraft:white_bed":6,"minecraft:glass_pane":2,"ars_nouveau:light_block":2,"minecraft:cobblestone_stairs":1,"minecraft:dark_oak_log":2,"blue_skies:moonstone":1,"minecraft:crafting_table":8,"minecraft:cornflower":1,"gravestone:gravestone":2,"minecraft:allium":1,"minecraft:grass_block":1,"minecraft:cobblestone":7,"born_in_chaos_v1:chipped_black_argillite_brick":2,"ars_nouveau:sourceberry_bush":5,"minecraft:oak_planks":2,"minecraft:oxeye_daisy":1,"minecraft:spawner":6,"minecraft:hay_block":13,"minecraft:furnace":1,"minecraft:iron_ore":87,"born_in_chaos_v1:black_argillite_brick_slab":2,"minecraft:fire":2,"minecraft:ice":1,"minecraft:andesite":1,"minecraft:grass":15,"chococraft:gysahl_green":7,"minecraft:coal_ore":83,"minecraft:lantern":1,"minecraft:gravel":1,"minecraft:packed_ice":1,"gnumus:fragile_gnumus_jug":2,"minecraft:stone":63,"minecraft:stone_bricks":1,"minecraft:fern":1,"eternal_tales:comet_bricks":1},"minecraft:crafted":{"sophisticatedbackpacks:backpack":1,"minecraft:crafting_table":1,"minecraft:spruce_planks":96,"minecraft:wooden_pickaxe":1,"minecraft:furnace":1,"sophisticatedbackpacks:gold_backpack":1,"butchersdelight:rack":1,"minecraft:bread":40,"minecraft:air":0,"minecraft:iron_chestplate":1,"minecraft:iron_boots":1,"minecraft:stick":12,"minecraft:iron_ingot":25,"minecraft:stone_pickaxe":2,"chococraft:chocobo_saddle":1,"quark:spruce_chest":1,"sophisticatedbackpacks:iron_backpack":1,"minecraft:wheat":117},"minecraft:picked_up":{"minecraft:charcoal":5,"minecraft:iron_chestplate":1,"minecraft:crafting_table":8,"minecraft:leather":9,"minecraft:andesite":1,"gnumus:gnumus_claw":1,"minecraft:wooden_pickaxe":1,"gnumus:gnumus_pouch":3,"gravestone:obituary":1,"minecraft:cornflower":1,"minecraft:string":1,"gnumus:gnumus_pouch_2":2,"chococraft:chocobo_feather":2,"minecraft:bone":2,"chococraft:gysahl_green":17,"irons_spellbooks:arcane_essence":10,"minecraft:wheat_seeds":1,"minecraft:spruce_planks":1,"minecraft:stone_pickaxe":1,"eternal_tales:comet_bricks":1,"irons_spellbooks:epic_ink":1,"minecraft:iron_sword":1,"minecraft:furnace":1,"wom:agony":1,"minecraft:stick":7,"minecraft:raw_iron":93,"minecraft:gravel":1,"minecraft:white_bed":6,"minecraft:dark_oak_log":1,"minecraft:dark_oak_planks":1,"irons_spellbooks:ice_rune":1,"minecraft:arrow":5,"iceandfire:cyclops_eye":1,"born_in_chaos_v1:fire_dust":1,"gnumus:gnumus_clay":1,"minecraft:hay_block":13,"minecraft:mutton":4,"minecraft:emerald":2,"gnumus:mouse_skin":8,"ars_nouveau:sourceberry_bush":12,"eternal_tales:heart_et":1,"minecraft:melon_seeds":4,"irons_spellbooks:scroll":1,"minecraft:coal":68,"minecraft:cobblestone":74},"minecraft:killed":{"eternal_tales:interdimensional_zombie":14,"gnumus:gnumus_hunter_not_dispawn":2,"iceandfire:cyclops":1,"minecraft:spider":1,"irons_spellbooks:cryomancer":1,"born_in_chaos_v1:decrepit_skeleton":1,"minecraft:skeleton":1,"minecraft:pillager":22,"gnumus:gnumus_worker":2,"minecraft:zombie":3,"samurai_dynasty:tanuki":1,"eternal_tales:interdimensionipyre":9,"born_in_chaos_v1:firelight_not_despawn":1,"eternal_tales:dimensioner":3,"chococraft:chocobo":1},"minecraft:dropped":{"minecraft:gravel":1,"minecraft:iron_sword":2,"wom:agony":1,"tetra:scroll_rolled":1,"minecraft:wheat_seeds":1,"ars_nouveau:wilden_spike":1,"born_in_chaos_v1:fire_dust":1,"chococraft:chocobo_feather":1,"weaponmaster:tutorialbook":1,"minecraft:wheat":1,"minecraft:raw_iron":4,"minecraft:pumpkin_seeds":4,"farmersdelight:rice":1,"minecraft:stick":7,"ars_nouveau:sourceberry_bush":5,"gnumus:gnumus_clay":1,"gnumus:gnumus_claw":1,"minecraft:spruce_planks":23,"minecraft:cornflower":1,"minecraft:mutton":4,"minecraft:charcoal":5,"minecraft:andesite":1,"minecraft:melon_seeds":8,"eternal_tales:comet_bricks":1,"gravestone:obituary":4,"irons_spellbooks:arcane_essence":5,"eternal_tales:eternal_town_spawner":1,"minecraft:stone_pickaxe":1,"minecraft:wooden_pickaxe":2,"chococraft:gysahl_green":9,"farmersdelight:tomato_seeds":4},"minecraft:killed_by":{"iceandfire:cyclops":1,"minecraft:pillager":2,"eternal_tales:interdimensional_zombie":1},"minecraft:broken":{"minecraft:stone_pickaxe":1},"minecraft:used":{"epicfight:skillbook":2,"minecraft:stone_pickaxe":250,"minecraft:spruce_planks":3,"minecraft:wooden_pickaxe":29,"minecraft:golden_apple":1,"minecraft:crafting_table":8,"minecraft:white_bed":5,"wom:agony":503,"minecraft:bread":37,"minecraft:cobblestone":22,"minecraft:potion":1,"minecraft:furnace":1,"ars_nouveau:sourceberry_bush":16,"butchersdelight:rack":1}},"DataVersion":3465}