{"stats":{"minecraft:custom":{"minecraft:jump":66,"minecraft:time_since_rest":37062,"minecraft:damage_taken":350,"minecraft:leave_game":1,"minecraft:crouch_one_cm":810,"minecraft:sprint_one_cm":2412,"lootr:looted_stat":2,"minecraft:play_time":37676,"minecraft:walk_one_cm":30720,"minecraft:time_since_death":36592,"minecraft:deaths":1,"minecraft:sneak_time":518,"minecraft:total_world_time":37676,"minecraft:fly_one_cm":5968,"minecraft:fall_one_cm":418},"minecraft:killed_by":{"minecraft:pillager":1},"minecraft:mined":{"ars_nouveau:sourceberry_bush":5,"minecraft:cornflower":1,"minecraft:fern":1},"minecraft:used":{"wom:agony":7},"minecraft:picked_up":{"ars_nouveau:sourceberry_bush":12,"minecraft:cornflower":1}},"DataVersion":3465}