{"stats":{"minecraft:broken":{"minecraft:iron_boots":1,"minecraft:iron_leggings":1,"minecraft:iron_sword":1,"minecraft:wooden_axe":1,"minecraft:iron_pickaxe":2,"minecraft:iron_helmet":1},"minecraft:custom":{"minecraft:interact_with_crafting_table":39,"minecraft:open_barrel":23,"minecraft:leave_game":4,"minecraft:time_since_death":68643,"minecraft:damage_resisted":62,"minecraft:sprint_one_cm":981932,"minecraft:damage_blocked_by_shield":1955,"minecraft:drop":121,"minecraft:play_time":463405,"minecraft:deaths":13,"minecraft:jump":5502,"minecraft:walk_on_water_one_cm":77032,"minecraft:interact_with_furnace":28,"minecraft:sleep_in_bed":9,"minecraft:damage_dealt":38459,"minecraft:player_kills":1,"minecraft:crouch_one_cm":19832,"minecraft:interact_with_smoker":13,"minecraft:mob_kills":183,"minecraft:climb_one_cm":7766,"minecraft:walk_one_cm":872664,"minecraft:damage_dealt_absorbed":121,"minecraft:sneak_time":11609,"minecraft:walk_under_water_one_cm":105456,"minecraft:interact_with_blast_furnace":40,"minecraft:total_world_time":463405,"minecraft:tune_noteblock":17,"minecraft:time_since_rest":68503,"minecraft:damage_taken":11052,"minecraft:swim_one_cm":186806,"minecraft:fly_one_cm":1393110,"minecraft:open_chest":81,"minecraft:fall_one_cm":125936},"minecraft:used":{"minecraft:peony":3,"minecraft:iron_shovel":42,"minecraft:shield":83,"minecraft:iron_sword":476,"minecraft:iron_chestplate":2,"minecraft:soul_sand":3,"minecraft:lava_bucket":9,"minecraft:bow":2,"minecraft:furnace":3,"minecraft:diorite":3,"minecraft:oak_planks":5,"minecraft:stone_pickaxe":153,"minecraft:ender_pearl":1,"minecraft:wooden_pickaxe":14,"minecraft:sand":1,"minecraft:blast_furnace":4,"cobblemon:yellow_apricorn_seed":7,"cobblemon:green_apricorn_seed":1,"minecraft:bread":7,"cobblemon:red_apricorn_seed":4,"minecraft:bone_meal":192,"minecraft:flint_and_steel":13,"minecraft:dirt":10,"minecraft:wooden_axe":43,"minecraft:iron_axe":191,"comforts:sleeping_bag_white":2,"minecraft:cooked_beef":81,"minecraft:cobbled_deepslate":8,"minecraft:cooked_mutton":14,"minecraft:water_bucket":18,"minecraft:birch_planks":21,"minecraft:crafting_table":13,"cobblemon:black_apricorn_seed":1,"minecraft:white_bed":6,"cobblemon:white_apricorn_seed":2,"minecraft:smoker":3,"minecraft:diamond_pickaxe":89,"minecraft:iron_pickaxe":499,"minecraft:stone_axe":75,"minecraft:cobblestone":57,"minecraft:potion":1,"minecraft:cooked_porkchop":2,"minecraft:bucket":28,"cobblemon:blue_apricorn_seed":4},"minecraft:picked_up":{"minecraft:wooden_axe":3,"minecraft:iron_chestplate":5,"minecraft:iron_trapdoor":1,"minecraft:flower_pot":1,"cobblemon:red_apricorn":282,"minecraft:potion":4,"minecraft:enchanted_book":3,"cobblemon:wepear_berry":9,"minecraft:soul_soil":10,"minecraft:string":75,"minecraft:raw_copper":210,"minecraft:iron_leggings":4,"simpletms:tr_raindance":4,"minecraft:cobbled_deepslate":99,"minecraft:smooth_stone":14,"cobblemon:white_apricorn_seed":2,"minecraft:bucket":2,"comforts:sleeping_bag_white":4,"cobblemon_armor_sets:bag_charmander":1,"minecraft:red_dye":1,"cobblemon:oran_berry":332,"cobblemon:quick_ball":254,"minecraft:iron_pickaxe":3,"minecraft:enchanted_golden_apple":2,"minecraft:coal_block":9,"minecraft:furnace":4,"minecraft:iron_boots":3,"minecraft:stick":11,"minecraft:torch":1,"minecraft:spruce_stairs":1,"minecraft:porkchop":12,"minecraft:diorite":3,"minecraft:rotten_flesh":63,"minecraft:obsidian":3,"minecraft:cobblestone":272,"minecraft:birch_log":47,"cobblemon_armor_sets:pokemon_scraps":79,"cobblemon:great_ball":44,"minecraft:cooked_beef":343,"minecraft:feather":4,"cobblemon:ultra_ball":354,"minecraft:water_bucket":6,"minecraft:brown_wool":2,"minecraft:smoker":3,"minecraft:potato":1,"cobblemon:razz_berry":8,"minecraft:lapis_lazuli":70,"megamons:anistarite_geode_block":32,"minecraft:dirt":50,"minecraft:bone":155,"minecraft:bow":3,"cobblemon:black_apricorn":2,"minecraft:raw_gold":181,"minecraft:rabbit":6,"minecraft:oak_planks":37,"minecraft:ghast_tear":6,"minecraft:cooked_porkchop":1,"patchouli:guide_book":1,"cobblemon:fire_stone":2,"megamons:raw_mawilite":2,"minecraft:sand":3,"cobblemon:persim_berry":5,"minecraft:dark_oak_log":3,"megamons:anistarite_rough_geode_block":15,"minecraft:diamond":35,"minecraft:bone_meal":133,"minecraft:golden_apple":17,"cobblemon:ice_stone":1,"minecraft:bread":53,"minecraft:diamond_pickaxe":8,"minecraft:crafting_table":16,"minecraft:ladder":1,"minecraft:chicken":8,"cobblemon:yellow_apricorn":58,"minecraft:wooden_pickaxe":2,"minecraft:shield":8,"minecraft:cornflower":1,"minecraft:iron_axe":5,"minecraft:flint_and_steel":9,"cobblemon:white_apricorn":23,"cobblemon:green_apricorn":3,"minecraft:beef":10,"cobblemon:relic_coin":23,"minecraft:birch_sapling":2,"minecraft:iron_nugget":2,"minecraft:poppy":1,"minecraft:chest":2,"biomesoplenty:wildflower":1,"cobblemon:green_apricorn_seed":2,"minecraft:egg":1,"minecraft:raw_iron":364,"minecraft:stone":1,"minecraft:copper_ingot":184,"sophisticatedbackpacks:backpack":7,"minecraft:trident":1,"minecraft:carrot":1,"minecraft:redstone":30,"minecraft:mangrove_trapdoor":4,"minecraft:dark_oak_planks":44,"minecraft:arrow":421,"megamons:raw_tyranitarite":3,"biomesoplenty:jacaranda_log":2,"minecraft:peony":4,"minecraft:hay_block":48,"minecraft:gold_ingot":15,"minecraft:mutton":13,"cobblemon:blue_apricorn":49,"minecraft:white_wool":42,"minecraft:bone_block":309,"minecraft:oxeye_daisy":1,"minecraft:air":0,"minecraft:leather":22,"minecraft:yellow_dye":3,"minecraft:birch_planks":6,"minecraft:oak_log":6,"minecraft:gunpowder":2,"megamons:raw_charizarditex":3,"cobblemon:pink_apricorn_seed":1,"minecraft:cooked_mutton":16,"minecraft:iron_ingot":401,"minecraft:iron_sword":7,"minecraft:soul_sand":16,"minecraft:book":150,"cobblemon:chilan_berry":3,"cobblemon:red_apricorn_seed":4,"minecraft:polished_andesite_stairs":2,"cobblemon:exp_candy_xs":17,"minecraft:dandelion":1,"cobblemon:blue_apricorn_seed":4,"cobblemon:premier_ball":7,"cobblemon:yellow_apricorn_seed":6,"minecraft:amethyst_shard":8,"minecraft:blast_furnace":4,"cobblemon:pink_apricorn":12,"minecraft:white_bed":7,"minecraft:spider_eye":7,"megamons:raw_gyaradosite":3,"cobblemon_armor_sets:cosplaymakingguide":3,"minecraft:stone_axe":1,"minecraft:iron_helmet":8,"cobblemon:water_stone":1,"minecraft:pink_dye":2,"minecraft:coal":355,"minecraft:ender_pearl":1},"minecraft:crafted":{"minecraft:oak_planks":24,"minecraft:smooth_stone":5,"minecraft:stone":6,"minecraft:cooked_mutton":9,"minecraft:iron_boots":1,"minecraft:smoker":2,"biomesoplenty:jacaranda_planks":8,"minecraft:cooked_porkchop":4,"minecraft:crafting_table":4,"minecraft:wooden_pickaxe":1,"minecraft:iron_helmet":2,"minecraft:copper_ingot":45,"minecraft:birch_planks":56,"cobblemon:quick_ball":56,"minecraft:iron_chestplate":1,"minecraft:yellow_dye":1,"minecraft:shield":1,"minecraft:stick":20,"minecraft:iron_pickaxe":2,"minecraft:iron_ingot":80,"minecraft:gold_ingot":28,"cobblemon:exp_share":1,"comforts:sleeping_bag_white":1,"minecraft:furnace":3,"minecraft:blast_furnace":2,"minecraft:bone_meal":616,"minecraft:pink_dye":2,"minecraft:iron_axe":1,"minecraft:stone_pickaxe":1,"minecraft:dark_oak_planks":12,"minecraft:cooked_beef":7,"minecraft:red_dye":1,"minecraft:iron_sword":1,"minecraft:stone_axe":1,"minecraft:air":0,"minecraft:wooden_axe":1,"minecraft:iron_shovel":1,"minecraft:iron_leggings":1,"cobblemon:ultra_ball":64,"cobblemon:great_ball":12},"minecraft:killed_by":{"minecraft:ghast":1,"minecraft:zombie":2,"minecraft:husk":4,"minecraft:player":1,"minecraft:skeleton":3},"minecraft:killed":{"minecraft:witch":1,"minecraft:spider":12,"minecraft:skeleton":37,"minecraft:chicken":1,"minecraft:pig":5,"minecraft:creeper":1,"minecraft:sheep":6,"minecraft:pillager":8,"minecraft:zombie":69,"minecraft:ghast":2,"minecraft:cow":6,"minecraft:vindicator":2,"minecraft:drowned":3,"minecraft:husk":22,"cobblemon:pokemon":1,"minecraft:enderman":1},"minecraft:mined":{"minecraft:spruce_planks":1,"minecraft:white_bed":5,"cobblemon:deepslate_water_stone_ore":1,"minecraft:spruce_trapdoor":2,"minecraft:granite":6,"minecraft:grass_block":1,"megamons:crystal_fire_stone_ore":2,"minecraft:soul_soil":1,"minecraft:coal_block":6,"minecraft:spawner":14,"minecraft:smooth_stone":6,"megamons:gyaradosite_crystal_ore":1,"minecraft:iron_ore":146,"minecraft:cobbled_deepslate":5,"minecraft:fire":1,"megamons:crystal_ice_stone_ore":1,"minecraft:potted_cornflower":1,"minecraft:deepslate_redstone_ore":1,"megamons:anistarite_geode_block":19,"minecraft:smoker":2,"biomesoplenty:wildflower":1,"minecraft:amethyst_cluster":1,"minecraft:powder_snow":10,"minecraft:torch":1,"cobblemon:apricorn_leaves":1,"minecraft:blast_furnace":5,"minecraft:poppy":1,"minecraft:polished_andesite_stairs":2,"minecraft:chest":1,"minecraft:cobblestone":35,"minecraft:oak_planks":15,"megamons:charizarditex_crystal_ore":1,"minecraft:blue_terracotta":1,"minecraft:birch_log":20,"minecraft:grass":18,"minecraft:oak_log":6,"minecraft:sand":32,"minecraft:dirt":4,"minecraft:oak_leaves":11,"minecraft:deepslate":33,"minecraft:diamond_ore":1,"minecraft:tuff":1,"minecraft:dark_oak_leaves":1,"minecraft:deepslate_diamond_ore":7,"minecraft:dark_oak_log":3,"minecraft:ladder":4,"biomesoplenty:bush":2,"biomesoplenty:white_petals":1,"minecraft:mangrove_trapdoor":2,"biomesoplenty:dead_grass":1,"minecraft:sandstone":1,"biomesoplenty:dune_grass":4,"minecraft:hay_block":16,"biomesoplenty:jacaranda_log":2,"minecraft:oak_trapdoor":1,"minecraft:furnace":4,"minecraft:snow":1,"minecraft:andesite":2,"minecraft:peony":3,"biomesoplenty:sea_oats":6,"minecraft:bookshelf":42,"minecraft:deepslate_iron_ore":32,"minecraft:stone":101,"minecraft:bone_block":133,"megamons:tyranitarite_crystal_ore":1,"minecraft:podzol":1,"megamons:anistarite_rough_geode_block":11,"minecraft:oak_slab":2,"minecraft:dandelion":1,"minecraft:crafting_table":10,"minecraft:tall_grass":2,"minecraft:copper_ore":15,"minecraft:lapis_ore":2,"biomesoplenty:sprout":1,"minecraft:deepslate_gold_ore":34,"minecraft:diorite":5,"cobblemon:relic_coin_pouch":4,"minecraft:spruce_stairs":3,"minecraft:birch_planks":7,"minecraft:spruce_log":1,"minecraft:birch_leaves":6,"minecraft:coal_ore":82,"megamons:crystal_sun_stone_ore":1,"minecraft:gravel":7,"minecraft:gold_ore":14,"minecraft:iron_trapdoor":2,"minecraft:fern":2},"minecraft:dropped":{"minecraft:iron_sword":2,"minecraft:porkchop":2,"minecraft:lapis_lazuli":13,"cobblemon:blue_apricorn":1,"minecraft:crafting_table":1,"cobblemon:persim_berry":5,"minecraft:leather":8,"cobblemon:exp_share":1,"minecraft:yellow_dye":1,"minecraft:bone_meal":128,"minecraft:sand":1,"cobblemon:blue_apricorn_seed":2,"minecraft:dark_oak_planks":8,"minecraft:white_wool":1,"minecraft:bone":11,"minecraft:stone_axe":1,"minecraft:iron_nugget":1,"minecraft:cobbled_deepslate":14,"minecraft:pink_dye":3,"minecraft:birch_sapling":1,"minecraft:rotten_flesh":32,"minecraft:oak_planks":1,"minecraft:carrot":1,"biomesoplenty:wildflower":1,"minecraft:chest":1,"cobblemon:fire_stone":2,"minecraft:arrow":10,"minecraft:iron_ingot":16,"simpletms:tr_takedown":1,"minecraft:feather":2,"minecraft:cobblestone":2,"biomesoplenty:jacaranda_planks":6,"minecraft:golden_apple":1,"minecraft:coal":3,"cobblemon:chilan_berry":1,"cobblemon:oran_berry":7,"minecraft:stick":5,"minecraft:iron_trapdoor":1,"minecraft:wooden_axe":1,"minecraft:brown_wool":1,"cobblemon:ice_stone":2,"minecraft:potion":1,"minecraft:polished_andesite_stairs":2,"minecraft:string":83,"cobblemon:wepear_berry":9,"minecraft:soul_soil":10,"cobblemon_armor_sets:bag_squirtle":1,"minecraft:chicken":2,"cobblemon:premier_ball":6,"megamons:anistarite_geode_block":32,"minecraft:filled_map":1,"megamons:anistarite_rough_geode_block":15,"minecraft:hay_block":16,"cobblemon_armor_sets:bag_charmander":2,"minecraft:shield":1,"minecraft:spider_eye":6,"minecraft:bow":1,"minecraft:stone_pickaxe":1,"minecraft:wooden_pickaxe":1,"minecraft:raw_gold":2}},"DataVersion":3465}