{"stats":{"minecraft:custom":{"lootr:looted_stat":57,"minecraft:mob_kills":107,"minecraft:interact_with_crafting_table":15,"minecraft:leave_game":5,"minecraft:time_since_death":10766,"minecraft:climb_one_cm":11587,"minecraft:sprint_one_cm":83632,"minecraft:walk_one_cm":532291,"minecraft:drop":51,"minecraft:talked_to_villager":1,"minecraft:play_time":213344,"minecraft:deaths":6,"minecraft:sneak_time":15697,"minecraft:walk_under_water_one_cm":8355,"minecraft:jump":1881,"minecraft:walk_on_water_one_cm":2015,"minecraft:total_world_time":213344,"minecraft:interact_with_furnace":8,"minecraft:sleep_in_bed":8,"minecraft:time_since_rest":3141,"minecraft:waystone_activated":1,"minecraft:damage_taken":6220,"minecraft:damage_absorbed":120,"minecraft:damage_dealt":28849,"minecraft:fly_one_cm":645459,"minecraft:open_chest":9,"minecraft:crouch_one_cm":43165,"minecraft:fall_one_cm":46014},"minecraft:mined":{"minecraft:dark_oak_planks":1,"minecraft:deepslate_tiles":1,"minecraft:spruce_planks":3,"minecraft:white_bed":7,"minecraft:cobblestone_stairs":1,"minecraft:dark_oak_log":2,"blue_skies:moonstone":1,"gravestone:gravestone":4,"minecraft:allium":1,"minecraft:spruce_fence":2,"minecraft:grass_block":6,"minecraft:mangrove_fence":1,"ars_nouveau:sourceberry_bush":5,"minecraft:oxeye_daisy":1,"minecraft:spawner":7,"minecraft:hay_block":13,"minecraft:furnace":1,"minecraft:polished_basalt":5,"minecraft:iron_ore":87,"born_in_chaos_v1:black_argillite_brick_slab":2,"minecraft:fire":2,"minecraft:snow":6,"minecraft:andesite":1,"chococraft:gysahl_green":7,"minecraft:lantern":2,"minecraft:packed_ice":1,"gnumus:fragile_gnumus_jug":2,"minecraft:stone":63,"minecraft:glass_pane":2,"ars_nouveau:light_block":2,"minecraft:crafting_table":10,"minecraft:cornflower":2,"minecraft:tall_grass":7,"minecraft:cobblestone":7,"born_in_chaos_v1:chipped_black_argillite_brick":2,"minecraft:oak_planks":2,"graveyard:vase_block":1,"minecraft:ice":1,"minecraft:birch_trapdoor":2,"minecraft:white_carpet":1,"minecraft:grass":24,"minecraft:cracked_deepslate_tiles":1,"minecraft:coal_ore":89,"eternal_tales:present_red":1,"graveyard:leaning_skeleton":1,"minecraft:dirt":1,"minecraft:gravel":1,"graveyard:small_cyan_urn":1,"minecraft:stone_bricks":4,"minecraft:netherrack":3,"eternal_tales:comet_bricks":1,"minecraft:fern":1},"minecraft:crafted":{"minecraft:furnace":1,"butchersdelight:rack":1,"minecraft:iron_boots":1,"minecraft:stone_pickaxe":3,"quark:spruce_chest":1,"minecraft:wheat":117,"sophisticatedbackpacks:iron_backpack":1,"sophisticatedbackpacks:backpack":1,"minecraft:crafting_table":1,"minecraft:spruce_planks":96,"minecraft:wooden_pickaxe":1,"sophisticatedbackpacks:gold_backpack":1,"minecraft:bucket":1,"minecraft:bread":40,"minecraft:air":0,"minecraft:iron_chestplate":1,"minecraft:stick":12,"minecraft:iron_ingot":25,"chococraft:chocobo_saddle":1},"minecraft:killed":{"minecraft:zombified_piglin":3,"born_in_chaos_v1:restless_spirit":1,"minecraft:spider":1,"irons_spellbooks:cryomancer":1,"born_in_chaos_v1:scarlet_persecutor":4,"minecraft:skeleton":1,"gnumus:gnumus_worker":2,"samurai_dynasty:tanuki":1,"realmrpg_demons:chort":1,"gnumus:gnumus_hunter":2,"eternal_tales:interdimensionipyre":9,"minecraft:skeleton_horse":1,"born_in_chaos_v1:firelight_not_despawn":1,"eternal_tales:interdimensional_zombie":14,"gnumus:gnumus_hunter_not_dispawn":3,"born_in_chaos_v1:fallen_chaos_knight":1,"iceandfire:cyclops":1,"illager_additions:new_samurai":1,"born_in_chaos_v1:decrepit_skeleton":6,"minecraft:pillager":34,"minecraft:zombie":6,"born_in_chaos_v1:dark_vortex":1,"eternal_tales:dimensioner":3,"chococraft:chocobo":1},"minecraft:picked_up":{"minecraft:charcoal":5,"minecraft:crafting_table":10,"minecraft:iron_chestplate":1,"wardrobe:snowy_leggings":1,"born_in_chaos_v1:seedof_chaos":1,"gnumus:gnumus_claw":6,"minecraft:wooden_pickaxe":1,"gravestone:obituary":1,"minecraft:cornflower":1,"minecraft:string":1,"minecraft:raw_copper":6,"irons_spellbooks:arcane_essence":10,"minecraft:spruce_planks":3,"irons_spellbooks:epic_ink":1,"minecraft:furnace":1,"minecraft:raw_iron":96,"minecraft:stick":7,"epicfight:skillbook":2,"born_in_chaos_v1:pieceofdarkmetal":3,"graveyard:small_cyan_urn":1,"minecraft:dark_oak_planks":1,"minecraft:arrow":7,"iceandfire:cyclops_eye":1,"minecraft:rotten_flesh":23,"minecraft:hay_block":13,"ars_nouveau:sourceberry_bush":12,"gnumus:mouse_skin":16,"minecraft:mutton":4,"minecraft:cobblestone":74,"eternal_tales:heart_et":5,"minecraft:cracked_deepslate_tiles":1,"swem:timothy_seeds":1,"minecraft:leather_chestplate":1,"gnumus:gnumus_doubloons":5,"minecraft:tripwire_hook":3,"gnumus:overripe_carrot":3,"minecraft:andesite":1,"minecraft:leather":14,"gnumus:gnumus_pouch":3,"eternal_tales:caramel_shovel":1,"minecraft:lantern":1,"gnumus:gnumus_pouch_2":4,"chococraft:chocobo_feather":2,"minecraft:bone":11,"chococraft:gysahl_green":17,"minecraft:wheat_seeds":3,"minecraft:iron_ingot":4,"eternal_tales:comet_bricks":1,"minecraft:stone_pickaxe":1,"minecraft:cobweb":5,"minecraft:rabbit":3,"minecraft:moss_block":1,"minecraft:iron_sword":1,"wom:agony":1,"born_in_chaos_v1:ethereal_spirit":6,"minecraft:gravel":1,"born_in_chaos_v1:dark_rod":1,"minecraft:white_bed":7,"minecraft:dark_oak_log":1,"irons_spellbooks:ice_rune":1,"minecraft:diamond":3,"born_in_chaos_v1:fire_dust":1,"gnumus:gnumus_clay":1,"minecraft:emerald":4,"minecraft:melon_seeds":4,"minecraft:coal":75,"irons_spellbooks:scroll":1},"minecraft:dropped":{"farmersdelight:tomato_seeds":4,"minecraft:iron_sword":2,"minecraft:moss_block":1,"minecraft:wheat_seeds":3,"tetra:scroll_rolled":1,"weaponmaster:tutorialbook":1,"minecraft:leather":10,"farmersdelight:rice":1,"minecraft:stick":7,"minecraft:cobweb":5,"gnumus:gnumus_claw":2,"minecraft:cornflower":1,"minecraft:mutton":4,"eternal_tales:comet_bricks":1,"irons_spellbooks:arcane_essence":5,"gravestone:obituary":5,"eternal_tales:eternal_town_spawner":1,"minecraft:gravel":1,"wom:agony":1,"ars_nouveau:wilden_spike":1,"born_in_chaos_v1:fire_dust":1,"minecraft:raw_copper":6,"chococraft:chocobo_feather":1,"minecraft:wheat":1,"minecraft:raw_iron":4,"minecraft:rotten_flesh":23,"minecraft:pumpkin_seeds":4,"ars_nouveau:sourceberry_bush":5,"graveyard:small_cyan_urn":1,"swem:timothy_seeds":1,"gnumus:gnumus_clay":1,"minecraft:spruce_planks":23,"minecraft:charcoal":5,"minecraft:andesite":1,"minecraft:melon_seeds":8,"minecraft:stone_pickaxe":1,"minecraft:wooden_pickaxe":2,"chococraft:gysahl_green":9},"minecraft:killed_by":{"illager_additions:new_samurai":1,"iceandfire:cyclops":1,"illager_additions:spearman":1,"minecraft:pillager":2,"eternal_tales:interdimensional_zombie":1},"minecraft:broken":{"wardrobe:snowy_leggings":1,"minecraft:stone_pickaxe":2},"minecraft:used":{"minecraft:spruce_planks":38,"wom:agony":738,"minecraft:lantern":1,"minecraft:furnace":1,"ars_nouveau:sourceberry_bush":16,"eternal_tales:caramel_shovel":11,"epicfight:skillbook":4,"minecraft:stone_pickaxe":274,"minecraft:leather_chestplate":1,"minecraft:wooden_pickaxe":29,"minecraft:golden_apple":3,"minecraft:crafting_table":10,"minecraft:white_bed":6,"minecraft:bread":47,"minecraft:cobblestone":26,"minecraft:potion":1,"minecraft:bucket":1,"butchersdelight:rack":1}},"DataVersion":3465}