{"stats":{"minecraft:custom":{"minecraft:interact_with_furnace":8,"lootr:looted_stat":27,"minecraft:mob_kills":48,"minecraft:interact_with_crafting_table":11,"minecraft:leave_game":1,"minecraft:time_since_death":23076,"minecraft:sleep_in_bed":5,"minecraft:climb_one_cm":7028,"minecraft:time_since_rest":15849,"minecraft:sprint_one_cm":41636,"minecraft:damage_taken":3056,"minecraft:walk_one_cm":267688,"minecraft:drop":26,"minecraft:damage_dealt":12722,"minecraft:talked_to_villager":1,"minecraft:fly_one_cm":94106,"minecraft:open_chest":6,"minecraft:crouch_one_cm":29592,"minecraft:play_time":133676,"minecraft:deaths":2,"minecraft:sneak_time":8907,"minecraft:walk_under_water_one_cm":8355,"minecraft:jump":1097,"minecraft:walk_on_water_one_cm":2015,"minecraft:total_world_time":133676,"minecraft:fall_one_cm":28904},"minecraft:killed":{"eternal_tales:interdimensional_zombie":14,"minecraft:pillager":15,"minecraft:zombie":3,"samurai_dynasty:tanuki":1,"eternal_tales:interdimensionipyre":9,"born_in_chaos_v1:firelight_not_despawn":1,"eternal_tales:dimensioner":3,"chococraft:chocobo":1},"minecraft:dropped":{"farmersdelight:tomato_seeds":4,"minecraft:gravel":1,"minecraft:wheat_seeds":1,"tetra:scroll_rolled":1,"born_in_chaos_v1:fire_dust":1,"chococraft:chocobo_feather":1,"weaponmaster:tutorialbook":1,"minecraft:wheat":1,"minecraft:pumpkin_seeds":4,"farmersdelight:rice":1,"minecraft:stick":7,"ars_nouveau:sourceberry_bush":5,"minecraft:spruce_planks":23,"minecraft:cornflower":1,"minecraft:andesite":1,"minecraft:melon_seeds":4,"eternal_tales:comet_bricks":1,"gravestone:obituary":3,"eternal_tales:eternal_town_spawner":1,"minecraft:stone_pickaxe":1,"minecraft:wooden_pickaxe":2,"chococraft:gysahl_green":9},"minecraft:killed_by":{"minecraft:pillager":1,"eternal_tales:interdimensional_zombie":1},"minecraft:mined":{"minecraft:spruce_planks":1,"minecraft:white_bed":4,"minecraft:glass_pane":2,"ars_nouveau:light_block":1,"minecraft:cobblestone_stairs":1,"minecraft:dark_oak_log":2,"blue_skies:moonstone":1,"minecraft:crafting_table":6,"minecraft:cornflower":1,"gravestone:gravestone":1,"minecraft:allium":1,"minecraft:grass_block":1,"ars_nouveau:sourceberry_bush":5,"minecraft:oak_planks":2,"minecraft:spawner":6,"minecraft:hay_block":13,"minecraft:furnace":1,"minecraft:iron_ore":75,"minecraft:fire":1,"minecraft:andesite":1,"minecraft:grass":13,"chococraft:gysahl_green":7,"minecraft:coal_ore":63,"minecraft:lantern":1,"minecraft:gravel":1,"minecraft:stone_bricks":1,"minecraft:stone":60,"eternal_tales:comet_bricks":1,"minecraft:fern":1},"minecraft:used":{"epicfight:skillbook":2,"minecraft:stone_pickaxe":203,"minecraft:spruce_planks":3,"minecraft:wooden_pickaxe":29,"minecraft:crafting_table":6,"minecraft:white_bed":3,"wom:agony":289,"minecraft:bread":26,"minecraft:cobblestone":5,"minecraft:furnace":1,"ars_nouveau:sourceberry_bush":16},"minecraft:broken":{"minecraft:stone_pickaxe":1},"minecraft:crafted":{"minecraft:crafting_table":1,"minecraft:spruce_planks":96,"minecraft:wooden_pickaxe":1,"minecraft:furnace":1,"minecraft:bread":40,"minecraft:air":0,"minecraft:iron_boots":1,"minecraft:iron_chestplate":1,"minecraft:stick":12,"minecraft:iron_ingot":25,"minecraft:stone_pickaxe":2,"chococraft:chocobo_saddle":1,"minecraft:wheat":117},"minecraft:picked_up":{"minecraft:charcoal":5,"minecraft:iron_chestplate":1,"minecraft:crafting_table":6,"minecraft:andesite":1,"minecraft:wooden_pickaxe":1,"gravestone:obituary":1,"minecraft:cornflower":1,"minecraft:string":1,"chococraft:chocobo_feather":2,"chococraft:gysahl_green":17,"minecraft:wheat_seeds":1,"eternal_tales:comet_bricks":1,"minecraft:stone_pickaxe":1,"minecraft:furnace":1,"minecraft:stick":7,"minecraft:raw_iron":77,"minecraft:gravel":1,"minecraft:white_bed":4,"minecraft:dark_oak_log":1,"minecraft:arrow":5,"born_in_chaos_v1:fire_dust":1,"minecraft:hay_block":13,"ars_nouveau:sourceberry_bush":12,"minecraft:melon_seeds":4,"minecraft:coal":65,"minecraft:cobblestone":54}},"DataVersion":3465}