{"stats":{"minecraft:dropped":{"simpletms:tr_takedown":1,"cobblemon:wepear_berry":9,"minecraft:porkchop":2,"minecraft:iron_nugget":1,"minecraft:birch_sapling":1,"minecraft:chicken":2,"minecraft:feather":2,"minecraft:cobblestone":1,"cobblemon:persim_berry":5,"minecraft:coal":1,"cobblemon:oran_berry":7,"minecraft:yellow_dye":1,"minecraft:wooden_axe":1,"minecraft:brown_wool":1,"minecraft:chest":1,"minecraft:arrow":1,"minecraft:bow":1,"minecraft:wooden_pickaxe":1,"minecraft:string":4,"minecraft:white_wool":1},"minecraft:crafted":{"minecraft:cooked_beef":7,"minecraft:red_dye":1,"minecraft:oak_planks":24,"minecraft:cooked_porkchop":2,"minecraft:crafting_table":2,"minecraft:wooden_pickaxe":1,"minecraft:furnace":2,"minecraft:stone_axe":1,"minecraft:cooked_mutton":9,"minecraft:air":0,"minecraft:yellow_dye":1,"minecraft:stick":8,"minecraft:stone_pickaxe":1,"minecraft:wooden_axe":1,"minecraft:dark_oak_planks":4,"minecraft:smoker":2},"minecraft:used":{"minecraft:cooked_mutton":4,"minecraft:stone_pickaxe":60,"minecraft:oak_planks":2,"minecraft:wooden_pickaxe":14,"minecraft:dirt":10,"minecraft:crafting_table":5,"minecraft:white_bed":4,"minecraft:smoker":3,"minecraft:wooden_axe":43,"minecraft:stone_axe":28,"minecraft:bow":1,"minecraft:furnace":1,"minecraft:cooked_porkchop":2,"minecraft:cooked_beef":5},"minecraft:broken":{"minecraft:wooden_axe":1},"minecraft:custom":{"minecraft:interact_with_furnace":5,"minecraft:mob_kills":20,"minecraft:interact_with_crafting_table":10,"minecraft:time_since_death":49876,"minecraft:sleep_in_bed":3,"minecraft:climb_one_cm":1634,"minecraft:time_since_rest":24060,"minecraft:sprint_one_cm":204239,"minecraft:damage_taken":1260,"minecraft:walk_one_cm":173510,"minecraft:drop":21,"minecraft:damage_dealt":2206,"minecraft:swim_one_cm":22735,"minecraft:fly_one_cm":184492,"minecraft:open_chest":3,"minecraft:crouch_one_cm":4736,"minecraft:play_time":76526,"minecraft:deaths":3,"minecraft:sneak_time":1629,"minecraft:walk_under_water_one_cm":975,"minecraft:jump":1203,"minecraft:walk_on_water_one_cm":4139,"minecraft:total_world_time":76526,"minecraft:interact_with_smoker":11,"minecraft:fall_one_cm":29514},"minecraft:mined":{"minecraft:white_bed":3,"minecraft:smoker":2,"minecraft:dark_oak_log":1,"minecraft:dandelion":1,"minecraft:crafting_table":4,"cobblemon:apricorn_leaves":1,"minecraft:grass_block":1,"minecraft:poppy":1,"minecraft:chest":1,"minecraft:copper_ore":2,"minecraft:tall_grass":1,"minecraft:cobblestone":5,"minecraft:oak_planks":6,"minecraft:smooth_stone":6,"minecraft:furnace":2,"minecraft:birch_log":20,"minecraft:iron_ore":1,"minecraft:spruce_log":1,"minecraft:birch_leaves":6,"minecraft:grass":4,"minecraft:coal_ore":28,"minecraft:oak_log":6,"minecraft:dirt":3,"minecraft:stone":26,"minecraft:oak_leaves":5},"minecraft:killed_by":{"minecraft:skeleton":3},"minecraft:picked_up":{"minecraft:wooden_axe":3,"minecraft:birch_log":33,"minecraft:crafting_table":6,"minecraft:feather":4,"minecraft:cooked_beef":3,"cobblemon_armor_sets:pokemon_scraps":3,"minecraft:chicken":4,"cobblemon:yellow_apricorn":3,"minecraft:brown_wool":2,"minecraft:leather":14,"minecraft:yellow_dye":3,"cobblemon:red_apricorn":16,"minecraft:smoker":3,"minecraft:wooden_pickaxe":2,"minecraft:oak_log":6,"cobblemon:wepear_berry":9,"minecraft:string":10,"minecraft:dirt":50,"minecraft:raw_copper":18,"minecraft:flint_and_steel":2,"minecraft:cooked_mutton":6,"cobblemon:white_apricorn":8,"minecraft:bow":3,"simpletms:tr_raindance":1,"minecraft:smooth_stone":6,"cobblemon:green_apricorn":3,"cobblemon:white_apricorn_seed":1,"minecraft:iron_ingot":12,"minecraft:beef":10,"minecraft:red_dye":1,"cobblemon:oran_berry":13,"cobblemon:relic_coin":1,"minecraft:iron_nugget":2,"minecraft:poppy":1,"minecraft:rabbit":4,"minecraft:birch_sapling":2,"minecraft:chest":2,"cobblemon:green_apricorn_seed":1,"minecraft:oak_planks":30,"cobblemon:red_apricorn_seed":1,"minecraft:furnace":2,"cobblemon:chilan_berry":2,"minecraft:stick":8,"minecraft:raw_iron":1,"cobblemon:exp_candy_xs":1,"minecraft:cooked_porkchop":1,"patchouli:guide_book":1,"minecraft:copper_ingot":2,"minecraft:dandelion":1,"minecraft:porkchop":6,"cobblemon:persim_berry":5,"cobblemon:pink_apricorn":2,"minecraft:white_bed":5,"minecraft:dark_oak_log":1,"minecraft:dark_oak_planks":28,"cobblemon_armor_sets:cosplaymakingguide":1,"minecraft:arrow":3,"minecraft:mutton":13,"cobblemon:blue_apricorn":20,"minecraft:coal":114,"minecraft:white_wool":9,"minecraft:cobblestone":35},"minecraft:killed":{"minecraft:pig":2,"cobblemon:pokemon":1,"minecraft:sheep":6,"minecraft:skeleton":2,"minecraft:zombie":2,"minecraft:chicken":1,"minecraft:cow":6}},"DataVersion":3465}