{"stats":{"minecraft:custom":{"minecraft:interact_with_furnace":8,"lootr:looted_stat":36,"minecraft:mob_kills":62,"minecraft:interact_with_crafting_table":11,"minecraft:leave_game":2,"minecraft:time_since_death":42971,"minecraft:sleep_in_bed":6,"minecraft:climb_one_cm":7779,"minecraft:waystone_activated":1,"minecraft:time_since_rest":13571,"minecraft:sprint_one_cm":44571,"minecraft:damage_absorbed":40,"minecraft:damage_taken":3838,"minecraft:walk_one_cm":305877,"minecraft:drop":33,"minecraft:damage_dealt":17066,"minecraft:talked_to_villager":1,"minecraft:fly_one_cm":166066,"minecraft:open_chest":7,"minecraft:crouch_one_cm":32689,"minecraft:play_time":153571,"minecraft:deaths":2,"minecraft:sneak_time":10406,"minecraft:walk_under_water_one_cm":8355,"minecraft:jump":1210,"minecraft:walk_on_water_one_cm":2015,"minecraft:total_world_time":153571,"minecraft:fall_one_cm":33223},"minecraft:killed":{"eternal_tales:interdimensional_zombie":14,"minecraft:spider":1,"irons_spellbooks:cryomancer":1,"born_in_chaos_v1:decrepit_skeleton":1,"minecraft:skeleton":1,"minecraft:pillager":22,"minecraft:zombie":3,"samurai_dynasty:tanuki":1,"eternal_tales:interdimensionipyre":9,"born_in_chaos_v1:firelight_not_despawn":1,"eternal_tales:dimensioner":3,"chococraft:chocobo":1},"minecraft:dropped":{"farmersdelight:tomato_seeds":4,"minecraft:gravel":1,"minecraft:iron_sword":2,"wom:agony":1,"minecraft:wheat_seeds":1,"tetra:scroll_rolled":1,"ars_nouveau:wilden_spike":1,"born_in_chaos_v1:fire_dust":1,"chococraft:chocobo_feather":1,"weaponmaster:tutorialbook":1,"minecraft:wheat":1,"minecraft:pumpkin_seeds":4,"farmersdelight:rice":1,"minecraft:stick":7,"ars_nouveau:sourceberry_bush":5,"minecraft:spruce_planks":23,"minecraft:cornflower":1,"minecraft:charcoal":5,"minecraft:andesite":1,"minecraft:melon_seeds":8,"eternal_tales:comet_bricks":1,"irons_spellbooks:arcane_essence":5,"gravestone:obituary":3,"eternal_tales:eternal_town_spawner":1,"minecraft:stone_pickaxe":1,"minecraft:wooden_pickaxe":2,"chococraft:gysahl_green":9},"minecraft:killed_by":{"minecraft:pillager":1,"eternal_tales:interdimensional_zombie":1},"minecraft:mined":{"minecraft:spruce_planks":1,"minecraft:white_bed":5,"minecraft:glass_pane":2,"ars_nouveau:light_block":1,"minecraft:cobblestone_stairs":1,"minecraft:dark_oak_log":2,"blue_skies:moonstone":1,"minecraft:crafting_table":6,"minecraft:cornflower":1,"gravestone:gravestone":1,"minecraft:allium":1,"minecraft:grass_block":1,"minecraft:cobblestone":4,"ars_nouveau:sourceberry_bush":5,"minecraft:oak_planks":2,"minecraft:spawner":6,"minecraft:hay_block":13,"minecraft:furnace":1,"minecraft:iron_ore":87,"minecraft:fire":1,"minecraft:ice":1,"minecraft:andesite":1,"minecraft:grass":13,"chococraft:gysahl_green":7,"minecraft:coal_ore":83,"minecraft:lantern":1,"minecraft:gravel":1,"minecraft:packed_ice":1,"minecraft:stone_bricks":1,"minecraft:stone":63,"minecraft:dark_oak_planks":1,"eternal_tales:comet_bricks":1,"minecraft:fern":1},"minecraft:used":{"epicfight:skillbook":2,"minecraft:stone_pickaxe":242,"minecraft:spruce_planks":3,"minecraft:wooden_pickaxe":29,"minecraft:golden_apple":1,"minecraft:crafting_table":6,"minecraft:white_bed":4,"wom:agony":404,"minecraft:bread":31,"minecraft:cobblestone":14,"minecraft:potion":1,"minecraft:furnace":1,"ars_nouveau:sourceberry_bush":16},"minecraft:broken":{"minecraft:stone_pickaxe":1},"minecraft:crafted":{"minecraft:crafting_table":1,"minecraft:spruce_planks":96,"minecraft:wooden_pickaxe":1,"minecraft:furnace":1,"minecraft:bread":40,"minecraft:air":0,"minecraft:iron_boots":1,"minecraft:iron_chestplate":1,"minecraft:stick":12,"minecraft:iron_ingot":25,"minecraft:stone_pickaxe":2,"chococraft:chocobo_saddle":1,"minecraft:wheat":117},"minecraft:picked_up":{"minecraft:charcoal":5,"minecraft:iron_chestplate":1,"minecraft:crafting_table":6,"minecraft:andesite":1,"minecraft:wooden_pickaxe":1,"gravestone:obituary":1,"minecraft:cornflower":1,"minecraft:string":1,"chococraft:chocobo_feather":2,"minecraft:bone":2,"chococraft:gysahl_green":17,"irons_spellbooks:arcane_essence":10,"minecraft:wheat_seeds":1,"eternal_tales:comet_bricks":1,"minecraft:stone_pickaxe":1,"irons_spellbooks:epic_ink":1,"minecraft:iron_sword":1,"wom:agony":1,"minecraft:furnace":1,"minecraft:stick":7,"minecraft:raw_iron":89,"minecraft:gravel":1,"minecraft:white_bed":5,"minecraft:dark_oak_log":1,"minecraft:dark_oak_planks":1,"irons_spellbooks:ice_rune":1,"minecraft:arrow":5,"born_in_chaos_v1:fire_dust":1,"minecraft:hay_block":13,"ars_nouveau:sourceberry_bush":12,"irons_spellbooks:scroll":1,"minecraft:melon_seeds":4,"minecraft:coal":68,"minecraft:cobblestone":67}},"DataVersion":3465}