{"stats":{"minecraft:dropped":{"simpletms:tr_takedown":1,"cobblemon:wepear_berry":9,"minecraft:iron_nugget":1,"minecraft:birch_sapling":1,"minecraft:chicken":2,"minecraft:feather":2,"cobblemon:persim_berry":5,"minecraft:yellow_dye":1,"minecraft:wooden_axe":1,"minecraft:brown_wool":1,"minecraft:chest":1,"minecraft:bow":1,"minecraft:string":4,"minecraft:white_wool":1},"minecraft:crafted":{"minecraft:cooked_beef":3,"minecraft:red_dye":1,"minecraft:oak_planks":24,"minecraft:cooked_porkchop":2,"minecraft:crafting_table":1,"minecraft:wooden_pickaxe":1,"minecraft:furnace":1,"minecraft:stone_axe":1,"minecraft:cooked_mutton":1,"minecraft:air":0,"minecraft:yellow_dye":1,"minecraft:stick":8,"minecraft:stone_pickaxe":1,"minecraft:wooden_axe":1,"minecraft:dark_oak_planks":4,"minecraft:smoker":1},"minecraft:used":{"minecraft:cooked_mutton":4,"minecraft:stone_pickaxe":46,"minecraft:oak_planks":2,"minecraft:wooden_pickaxe":14,"minecraft:dirt":10,"minecraft:crafting_table":3,"minecraft:white_bed":4,"minecraft:smoker":2,"minecraft:wooden_axe":43,"minecraft:stone_axe":25,"minecraft:bow":1,"minecraft:furnace":1,"minecraft:cooked_porkchop":2,"minecraft:cooked_beef":3},"minecraft:broken":{"minecraft:wooden_axe":1},"minecraft:custom":{"minecraft:interact_with_furnace":3,"minecraft:mob_kills":19,"minecraft:interact_with_crafting_table":5,"minecraft:time_since_death":37876,"minecraft:sleep_in_bed":3,"minecraft:climb_one_cm":1634,"minecraft:time_since_rest":12060,"minecraft:sprint_one_cm":166964,"minecraft:damage_taken":1250,"minecraft:walk_one_cm":136011,"minecraft:drop":14,"minecraft:damage_dealt":2096,"minecraft:swim_one_cm":15412,"minecraft:fly_one_cm":145835,"minecraft:open_chest":1,"minecraft:crouch_one_cm":1774,"minecraft:play_time":64526,"minecraft:deaths":3,"minecraft:sneak_time":852,"minecraft:walk_under_water_one_cm":712,"minecraft:jump":964,"minecraft:walk_on_water_one_cm":2488,"minecraft:total_world_time":64526,"minecraft:interact_with_smoker":8,"minecraft:fall_one_cm":23625},"minecraft:mined":{"minecraft:white_bed":3,"minecraft:smoker":1,"minecraft:dark_oak_log":1,"minecraft:dandelion":1,"minecraft:crafting_table":2,"cobblemon:apricorn_leaves":1,"minecraft:grass_block":1,"minecraft:poppy":1,"minecraft:chest":1,"minecraft:tall_grass":1,"minecraft:cobblestone":2,"minecraft:oak_planks":6,"minecraft:smooth_stone":6,"minecraft:furnace":1,"minecraft:birch_log":20,"minecraft:iron_ore":1,"minecraft:spruce_log":1,"minecraft:birch_leaves":6,"minecraft:grass":3,"minecraft:coal_ore":28,"minecraft:oak_log":6,"minecraft:dirt":3,"minecraft:stone":20,"minecraft:oak_leaves":5},"minecraft:killed_by":{"minecraft:skeleton":3},"minecraft:picked_up":{"minecraft:wooden_axe":3,"minecraft:birch_log":33,"minecraft:crafting_table":4,"minecraft:feather":4,"minecraft:cooked_beef":3,"cobblemon_armor_sets:pokemon_scraps":3,"minecraft:chicken":4,"minecraft:brown_wool":2,"minecraft:leather":12,"minecraft:yellow_dye":3,"cobblemon:red_apricorn":8,"minecraft:smoker":2,"minecraft:wooden_pickaxe":2,"minecraft:oak_log":6,"cobblemon:wepear_berry":9,"minecraft:string":10,"minecraft:dirt":50,"minecraft:flint_and_steel":2,"minecraft:cooked_mutton":4,"cobblemon:white_apricorn":4,"minecraft:bow":3,"simpletms:tr_raindance":1,"minecraft:smooth_stone":6,"cobblemon:green_apricorn":3,"minecraft:beef":8,"minecraft:red_dye":1,"cobblemon:oran_berry":6,"cobblemon:relic_coin":1,"minecraft:iron_nugget":2,"minecraft:poppy":1,"minecraft:rabbit":4,"minecraft:birch_sapling":2,"minecraft:chest":2,"cobblemon:green_apricorn_seed":1,"minecraft:oak_planks":30,"cobblemon:red_apricorn_seed":1,"minecraft:furnace":1,"cobblemon:chilan_berry":2,"minecraft:stick":8,"minecraft:raw_iron":1,"cobblemon:exp_candy_xs":1,"minecraft:cooked_porkchop":1,"patchouli:guide_book":1,"minecraft:dandelion":1,"minecraft:porkchop":6,"cobblemon:persim_berry":5,"cobblemon:pink_apricorn":2,"minecraft:white_bed":5,"minecraft:dark_oak_log":1,"minecraft:dark_oak_planks":28,"cobblemon_armor_sets:cosplaymakingguide":1,"minecraft:arrow":3,"minecraft:mutton":13,"cobblemon:blue_apricorn":10,"minecraft:coal":60,"minecraft:white_wool":9,"minecraft:cobblestone":34},"minecraft:killed":{"minecraft:pig":2,"cobblemon:pokemon":1,"minecraft:sheep":6,"minecraft:skeleton":2,"minecraft:zombie":2,"minecraft:chicken":1,"minecraft:cow":5}},"DataVersion":3465}