{"stats":{"minecraft:broken":{"minecraft:wooden_axe":1},"minecraft:killed":{"minecraft:skeleton":9,"minecraft:horse":4,"minecraft:chicken":1,"alexsmobs:centipede_head":1,"minecraft:drowned":2,"artifacts:mimic":2,"autumnity:turkey":2,"minecraft:pig":2,"minecraft:creeper":2,"minecraft:sheep":14,"minecraft:zombie":21,"minecraft:cow":3},"minecraft:used":{"minecraft:stone_sword":26,"biomesoplenty:redwood_planks":26,"minecraft:shield":58,"minecraft:iron_sword":143,"minecraft:torch":31,"regions_unexplored:clover":6,"minecraft:iron_hoe":9,"minecraft:wooden_axe":51,"biomesoplenty:redwood_wood":2,"minecraft:iron_axe":114,"minecraft:bow":2,"minecraft:furnace":1,"tombstone:gift":1,"minecraft:cooked_beef":8,"comforts:sleeping_bag_white":2,"quark:blossom_log":1,"minecraft:cooked_mutton":6,"minecraft:water_bucket":3,"minecraft:stone_pickaxe":32,"minecraft:oak_planks":4,"minecraft:wooden_pickaxe":5,"minecraft:crafting_table":16,"minecraft:blast_furnace":1,"minecraft:white_bed":3,"minecraft:smoker":1,"minecraft:apple":1,"minecraft:bread":22,"minecraft:melon_slice":18,"minecraft:iron_pickaxe":163,"minecraft:stone_axe":9,"minecraft:wooden_sword":38,"minecraft:cooked_porkchop":4,"minecraft:bucket":4,"minecraft:oak_boat":2,"minecraft:cobweb":17},"minecraft:killed_by":{"minecraft:skeleton":1},"minecraft:mined":{"alexscaves:spelunkery_table":1,"minecraft:white_bed":4,"quark:yellow_blossom_leaves":2,"minecraft:deepslate_diamond_ore":10,"minecraft:sculk_vein":4,"biomesoplenty:bush":2,"minecraft:grass_block":2,"minecraft:decorated_pot":1,"regions_unexplored:large_prismarite_cluster":1,"farmersdelight:wild_onions":13,"minecraft:magma_block":3,"minecraft:furnace":5,"minecraft:iron_ore":25,"treechop:chopped_log":9,"minecraft:deepslate_lapis_ore":7,"minecraft:sculk_shrieker":1,"minecraft:bookshelf":17,"iceandfire:gold_pile":67,"minecraft:deepslate_iron_ore":3,"minecraft:lantern":1,"minecraft:stone":55,"valhelsia_structures:big_purple_glazed_jar":1,"regions_unexplored:redstone_bulb":2,"minecraft:smithing_table":1,"biomesoplenty:redwood_planks":5,"minecraft:smoker":1,"minecraft:amethyst_cluster":1,"valhelsia_structures:blue_glazed_jar":1,"minecraft:crafting_table":16,"minecraft:cornflower":4,"minecraft:torch":6,"minecraft:blast_furnace":2,"valhelsia_structures:black_glazed_jar":1,"minecraft:chest":1,"minecraft:sculk_sensor":2,"minecraft:tall_grass":4,"minecraft:cyan_bed":1,"minecraft:deepslate_gold_ore":6,"minecraft:sugar_cane":11,"minecraft:oak_planks":5,"minecraft:sculk":3,"regions_unexplored:prismarite_cluster":1,"minecraft:wall_torch":6,"minecraft:amethyst_block":1,"supplementaries:urn":7,"minecraft:seagrass":1,"valhelsia_structures:bone_pile":5,"regions_unexplored:redstone_bud":1,"minecraft:birch_leaves":1,"minecraft:grass":25,"minecraft:coal_ore":50,"minecraft:oak_log":17,"iceandfire:silver_pile":3,"delightful:mini_melon":7,"valhelsia_structures:unlit_soul_lantern":2,"minecraft:sunflower":2,"minecraft:cobweb":17,"regions_unexplored:clover":2,"minecraft:chipped_anvil":1,"biomesoplenty:redwood_wood":2,"minecraft:oak_leaves":9,"minecraft:deepslate":7},"minecraft:crafted":{"minecraft:wooden_sword":1,"minecraft:smooth_stone":3,"minecraft:oak_planks":96,"minecraft:melon_slice":18,"comforts:sleeping_bag_white":1,"minecraft:furnace":2,"minecraft:blast_furnace":1,"minecraft:stone":3,"minecraft:cooked_mutton":6,"minecraft:iron_boots":1,"minecraft:stone_pickaxe":1,"minecraft:smoker":1,"minecraft:cooked_beef":3,"blue_skies:blue_journal":1,"sophisticatedbackpacks:backpack":2,"quark:blossom_planks":64,"minecraft:cooked_porkchop":7,"minecraft:crafting_table":2,"biomesoplenty:redwood_planks":300,"minecraft:iron_helmet":1,"minecraft:wooden_pickaxe":1,"minecraft:bucket":1,"minecraft:stone_axe":1,"minecraft:air":0,"minecraft:oak_boat":2,"minecraft:iron_chestplate":1,"minecraft:shield":1,"minecraft:stick":8,"quark:oak_chest":1,"minecraft:iron_ingot":27,"minecraft:iron_pickaxe":1,"minecraft:wooden_axe":1,"minecraft:stone_sword":1,"minecraft:gold_ingot":92,"minecraft:white_bed":1,"minecraft:torch":16},"minecraft:picked_up":{"minecraft:wooden_axe":1,"minecraft:crafting_table":15,"minecraft:allium":24,"regions_unexplored:magnolia_log":13,"minecraft:smithing_table":1,"minecraft:brick":4,"minecraft:cornflower":4,"valhelsia_structures:unlit_soul_lantern":2,"regions_unexplored:prismarite_cluster":1,"minecraft:string":17,"minecraft:gold_nugget":872,"minecraft:cobbled_deepslate":7,"comforts:sleeping_bag_white":2,"delightful:acorn":2,"minecraft:beef":5,"minecraft:oak_boat":1,"tombstone:tablet_of_assistance":1,"biomesoplenty:redwood_wood":423,"quark:yellow_blossom_sapling":5,"delightful:green_tea_leaf":16,"minecraft:sugar_cane":22,"minecraft:chest":1,"crittersandcompanions:clam":1,"minecraft:furnace":5,"tombstone:scroll_of_lightning_resistance":1,"minecraft:stick":43,"minecraft:raw_iron":27,"minecraft:torch":16,"sophisticatedbackpacks:backpack":1,"quark:blossom_log":148,"minecraft:porkchop":7,"tombstone:grave_dust":4,"minecraft:redstone":1,"alexsmobs:centipede_leg":2,"quark:lavender_blossom_sapling":8,"minecraft:arrow":13,"biomesoplenty:redwood_planks":5,"minecraft:rotten_flesh":13,"regions_unexplored:redstone_bulb":2,"artifacts:villager_hat":1,"farmersdelight:onion":13,"alexscaves:spelunkery_table":1,"minecraft:gold_ingot":6,"autumnity:turkey":2,"biomesoplenty:redwood_sapling":59,"supplementaries:ash":9,"minecraft:skeleton_skull":1,"minecraft:mutton":26,"minecraft:white_wool":12,"minecraft:cobblestone":57,"minecraft:feather":5,"minecraft:leather":10,"minecraft:smoker":1,"minecraft:oak_log":24,"supplementaries:flax_seeds":2,"minecraft:gunpowder":2,"artifacts:pickaxe_heater":1,"tombstone:familiar_receptacle":1,"minecraft:lapis_lazuli":47,"minecraft:dirt":8,"minecraft:lantern":1,"regions_unexplored:large_prismarite_cluster":1,"minecraft:chipped_anvil":1,"minecraft:bone":39,"minecraft:apple":1,"delightful:mini_melon":7,"minecraft:wheat_seeds":4,"minecraft:raw_gold":5,"minecraft:iron_ingot":4,"minecraft:cobweb":4,"minecraft:oak_planks":5,"minecraft:book":51,"regions_unexplored:white_magnolia_sapling":5,"minecraft:dandelion":1,"minecraft:amethyst_shard":4,"minecraft:blast_furnace":2,"minecraft:white_bed":4,"minecraft:cyan_bed":1,"tombstone:scroll_of_mercy":1,"minecraft:diamond":9,"regions_unexplored:clover":6,"tombstone:magic_scroll":2,"minecraft:oak_sapling":10,"iceandfire:silver_nugget":10,"minecraft:coal":63,"minecraft:sunflower":2},"minecraft:dropped":{"minecraft:wheat_seeds":6,"biomesoplenty:redwood_wood":38,"minecraft:feather":5,"minecraft:iron_helmet":1,"minecraft:lantern":1,"delightful:mini_melon":1,"minecraft:mutton":8,"minecraft:wooden_axe":1,"tombstone:grave_dust":5,"minecraft:wooden_sword":1,"minecraft:sunflower":2,"minecraft:gold_nugget":2,"minecraft:white_wool":1,"minecraft:redstone":1,"minecraft:dandelion":1,"biomesoplenty:redwood_sapling":6,"minecraft:rotten_flesh":8,"sophisticatedbackpacks:backpack":1,"minecraft:gunpowder":2,"minecraft:raw_gold":5},"minecraft:custom":{"minecraft:interact_with_smithing_table":1,"minecraft:mob_kills":65,"minecraft:interact_with_crafting_table":30,"minecraft:open_barrel":24,"minecraft:leave_game":11,"minecraft:time_since_death":31843,"minecraft:climb_one_cm":456,"minecraft:sprint_one_cm":290125,"minecraft:walk_one_cm":350928,"minecraft:damage_blocked_by_shield":1700,"minecraft:drop":31,"minecraft:talked_to_villager":1,"minecraft:play_time":200692,"minecraft:deaths":2,"minecraft:sneak_time":11502,"minecraft:walk_under_water_one_cm":8189,"minecraft:boat_one_cm":20,"minecraft:jump":1432,"minecraft:interact_with_blast_furnace":2,"minecraft:walk_on_water_one_cm":35166,"minecraft:total_world_time":200692,"minecraft:interact_with_furnace":7,"minecraft:traded_with_villager":1,"minecraft:interact_with_cartography_table":1,"minecraft:interact_with_loom":2,"minecraft:sleep_in_bed":8,"minecraft:time_since_rest":29444,"minecraft:waystone_activated":1,"minecraft:damage_taken":2962,"minecraft:damage_dealt":10406,"minecraft:swim_one_cm":26748,"minecraft:fly_one_cm":563185,"minecraft:open_chest":35,"minecraft:crouch_one_cm":23938,"tombstone:undead_killed":32,"minecraft:interact_with_smoker":7,"minecraft:fall_one_cm":21571}},"DataVersion":3465}