{"stats":{"minecraft:custom":{"minecraft:time_since_rest":5745,"lootr:looted_stat":24,"minecraft:interact_with_furnace":1,"minecraft:sprint_one_cm":22584,"minecraft:damage_taken":1406,"minecraft:walk_one_cm":169998,"minecraft:mob_kills":14,"minecraft:drop":15,"minecraft:damage_dealt":3099,"minecraft:fly_one_cm":48811,"minecraft:interact_with_crafting_table":5,"minecraft:open_chest":1,"minecraft:crouch_one_cm":13573,"minecraft:play_time":97676,"minecraft:deaths":1,"minecraft:sneak_time":4308,"minecraft:walk_under_water_one_cm":114,"minecraft:jump":594,"minecraft:sleep_in_bed":2,"minecraft:leave_game":1,"minecraft:time_since_death":96592,"minecraft:walk_on_water_one_cm":1169,"minecraft:total_world_time":97676,"minecraft:climb_one_cm":2017,"minecraft:fall_one_cm":12786},"minecraft:killed":{"minecraft:pillager":13},"minecraft:dropped":{"farmersdelight:tomato_seeds":4,"minecraft:gravel":1,"minecraft:spruce_planks":23,"minecraft:cornflower":1,"weaponmaster:tutorialbook":1,"minecraft:andesite":1,"minecraft:wheat":1,"gravestone:obituary":2,"minecraft:wooden_pickaxe":2,"minecraft:pumpkin_seeds":4,"farmersdelight:rice":1,"minecraft:stick":7},"minecraft:killed_by":{"minecraft:pillager":1},"minecraft:used":{"wom:agony":81,"minecraft:bread":10,"minecraft:stone_pickaxe":39,"minecraft:wooden_pickaxe":29,"minecraft:crafting_table":2,"minecraft:white_bed":2},"minecraft:mined":{"minecraft:hay_block":4,"minecraft:white_bed":3,"minecraft:iron_ore":23,"ars_nouveau:light_block":1,"minecraft:dark_oak_log":2,"minecraft:andesite":1,"minecraft:crafting_table":3,"minecraft:cornflower":1,"minecraft:grass":6,"minecraft:allium":1,"chococraft:gysahl_green":1,"minecraft:grass_block":1,"minecraft:coal_ore":22,"minecraft:gravel":1,"minecraft:stone":17,"ars_nouveau:sourceberry_bush":5,"minecraft:fern":1,"minecraft:spawner":1},"minecraft:crafted":{"minecraft:spruce_planks":96,"minecraft:stick":12,"minecraft:wooden_pickaxe":1,"minecraft:stone_pickaxe":1,"minecraft:bread":13,"minecraft:wheat":36},"minecraft:picked_up":{"minecraft:raw_iron":25,"minecraft:stick":7,"minecraft:crafting_table":3,"minecraft:andesite":1,"minecraft:wooden_pickaxe":1,"minecraft:gravel":1,"gravestone:obituary":1,"minecraft:white_bed":3,"minecraft:dark_oak_log":1,"minecraft:cornflower":1,"minecraft:hay_block":4,"ars_nouveau:sourceberry_bush":12,"minecraft:coal":23,"minecraft:cobblestone":18}},"DataVersion":3465}