{"stats":{"minecraft:dropped":{"crittersandcompanions:otter_spawn_egg":1,"zetter:palette":2,"doggytalents:doggy_charm":1,"zetter:canvas":1,"zetter:paints":1,"alexsmobs:fedora":1},"minecraft:used":{"minecraft:creeper_spawn_egg":1,"minecraft:cherry_sapling":13,"minecraft:netherite_sword":50,"zetter:easel":7,"minecraft:water_bucket":4,"crittersandcompanions:dumbo_octopus_spawn_egg":3,"fantasyfurniture:decorations/berry_basket_sweetberry":1,"minecraft:flint_and_steel":2,"doggytalents:doggy_charm":5,"endermanoverhaul:desert_enderman_spawn_egg":1,"minecraft:grass_block":47,"crittersandcompanions:koi_fish_bucket":3,"crittersandcompanions:shima_enaga_spawn_egg":3,"alexsmobs:fedora":1,"minecraft:cat_spawn_egg":3,"minecraft:dirt":102,"minecraft:pink_petals":387,"crittersandcompanions:dumbo_octopus_bucket":1,"minecraft:tnt":2,"minecraft:diamond_block":7,"doggytalents:upright_piano_black_item":1,"minecraft:anvil":3,"fantasyfurniture:royal/bed_single":2,"alexsmobs:spawn_egg_mimic_octopus":1,"minecraft:wolf_spawn_egg":3,"opf:opf":6,"alexsmobs:spawn_egg_bunfungus":1,"minecraft:bone_meal":198,"fruitsdelight:hamimelon_popsicle":3,"crittersandcompanions:sea_bunny_spawn_egg":1,"doggytalents:dog_plushie_toy_item":1},"minecraft:killed":{"alexsmobs:straddler":2,"alexsmobs:fly":1,"alexsmobs:bunfungus":1,"alexsmobs:murmur":1},"minecraft:custom":{"minecraft:time_since_rest":208858,"minecraft:sprint_one_cm":24577,"minecraft:walk_one_cm":194318,"minecraft:interact_with_anvil":9,"minecraft:mob_kills":5,"minecraft:drop":7,"minecraft:damage_dealt":3137,"minecraft:fly_one_cm":254539,"minecraft:crouch_one_cm":29762,"minecraft:play_time":258596,"minecraft:sneak_time":10816,"minecraft:walk_under_water_one_cm":264,"minecraft:jump":308,"minecraft:walk_on_water_one_cm":1836,"minecraft:leave_game":3,"minecraft:time_since_death":258596,"minecraft:sleep_in_bed":1,"minecraft:total_world_time":258596},"minecraft:picked_up":{"crittersandcompanions:sea_bunny_spawn_egg":1,"opf:opf":3,"minecraft:pink_petals":10,"minecraft:allium":1,"minecraft:basalt":1,"luphieclutteredmod:luphie_pink_armchair":1,"doggytalents:rice_grains":9,"minecraft:red_wool":1,"minecraft:red_mushroom":2,"luphieclutteredmod:yellow_bicycle":1,"fruitsdelight:kiwi_juice":1,"alexsmobs:fedora":2,"luphieclutteredmod:cluttered_tarrey_town_wood_stove":1,"fruitsdelight:mangosteen":1,"crittersandcompanions:shima_enaga_spawn_egg":1,"minecraft:dirt":167,"minecraft:cornflower":28,"zetter:canvas":1,"alexsmobs:raw_catfish":3,"minecraft:wheat_seeds":11,"fantasyfurniture:decorations/berry_basket_sweetberry":1,"zetter:easel":4,"luphieclutteredmod:luphie_orange_cat_plant_pot":1,"corn_delight:boiled_corn":1,"alexsmobs:elastic_tendon":1,"alexsdelight:raw_bunfungus":2,"zetter:palette":1,"crittersandcompanions:koi_fish":2,"minecraft:poppy":2,"luphieclutteredmod:luphie_pastry_display_case":1,"corn_delight:grilled_corn":1,"minecraft:oxeye_daisy":8,"minecraft:obsidian":2,"minecraft:oak_planks":1,"alexsmobs:medium_catfish_bucket":1,"fruitsdelight:hamimelon_popsicle":1}},"DataVersion":3465}