{"stats":{"minecraft:dropped":{"crittersandcompanions:otter_spawn_egg":1,"zetter:palette":2,"doggytalents:doggy_charm":1,"farmersdelight:cooked_cod_slice":2,"fruitsdelight:mango":16,"domesticationinnovation:wayward_lantern":1,"zetter:canvas":1,"zetter:paints":1,"minecraft:beef":4,"alexsmobs:fedora":1},"minecraft:used":{"farmersdelight:full_tatami_mat":17,"coffee_delight:cuccumela_pot":1,"luphieclutteredmod:luphie_analog_kitchen_scale":2,"fantasyfurniture:bone/skeleton/table_wide":1,"minecraft:water_bucket":108,"minecraft:cherry_sapling":13,"zetter:easel":7,"minecraft:netherite_sword":50,"crittersandcompanions:dumbo_octopus_spawn_egg":3,"fruitsdelight:bayberry_sapling":6,"fantasyfurniture:decorations/berry_basket_sweetberry":1,"farmersdelight:netherite_knife":6,"farmersdelight:tomato_crate":5,"minecraft:flint_and_steel":2,"doggytalents:doggy_charm":5,"farmersdelight:cherry_cabinet":7,"minecraft:spruce_slab":20,"coffee_delight:turkey_pot":1,"minecraft:polished_diorite_slab":11,"farmersdelight:half_tatami_mat":5,"farmersdelight:stove":2,"minecraft:spruce_planks":45,"fruitsdelight:peach_sapling":11,"luphieclutteredmod:luphie_pink_shelf_cabinet":15,"minecraft:quartz_stairs":23,"farmersdelight:rice_bag":3,"fruitsdelight:blueberry_bush":2,"farmersrespite:kettle":3,"fruitsdelight:kiwi_sapling":7,"minecraft:diamond_block":7,"fruitsdelight:bellini_cocktail":1,"minecraft:dirt":102,"doggytalents:upright_piano_black_item":1,"minecraft:anvil":3,"fantasyfurniture:royal/bed_single":2,"alexsmobs:spawn_egg_mimic_octopus":1,"minecraft:tnt":2,"delightful:quartz_cabinet":7,"farmersdelight:carrot_crate":3,"luphieclutteredmod:luphie_glowing_moon":7,"opf:opf":6,"minecraft:spruce_fence":63,"luphieclutteredmod:luphie_retro_white_fridge":3,"alexsmobs:spawn_egg_bunfungus":1,"minecraft:smoker":2,"fruitsdelight:hamimelon_popsicle":3,"coffee_delight:coffee_block_item":4,"minecraft:polished_diorite":34,"doggytalents:dog_plushie_toy_item":1,"minecraft:creeper_spawn_egg":1,"coffee_delight:cap_black_coffee":1,"coffee_delight:moka_pot":1,"luphieclutteredmod:luphie_wine_bottles":1,"fruitsdelight:mango":1,"corn_delight:corn_crate":3,"minecraft:cherry_slab":1,"minecraft:grass_block":115,"endermanoverhaul:desert_enderman_spawn_egg":1,"luphieclutteredmod:luphie_pink_inner_corner_cabinet":7,"minecraft:quartz_block":52,"crittersandcompanions:koi_fish_bucket":3,"crittersandcompanions:shima_enaga_spawn_egg":3,"farmersdelight:beetroot_crate":4,"fruitsdelight:hawberry_sapling":1,"luphieclutteredmod:luphie_sweetheart_kitchen_sink":3,"minecraft:spruce_trapdoor":10,"minecraft:smooth_quartz":4,"neighborly:packed_snow_brick_wall":1,"luphieclutteredmod:luphie_pink_sink_counter":2,"farmersdelight:cabbage_crate":4,"alexsmobs:fedora":1,"minecraft:diorite_wall":16,"minecraft:cat_spawn_egg":3,"minecraft:barrel":3,"farmersdelight:canvas_rug":27,"corn_delight:corn_kernel_bag":5,"minecraft:pink_petals":387,"crittersandcompanions:dumbo_octopus_bucket":1,"fruitsdelight:mango_sapling":76,"farmersdelight:cutting_board":13,"fantasyfurniture:dunmer/table_large":1,"minecraft:wolf_spawn_egg":3,"minecraft:furnace":3,"farmersdelight:spruce_cabinet":4,"farmersdelight:cooking_pot":2,"domesticationinnovation:wayward_lantern":2,"fantasyfurniture:venthyr/chair":1,"luphieclutteredmod:luphie_pastel_armchair":2,"luphieclutteredmod:pastel_pink_puzzle_piece_table":12,"farmersdelight:onion_crate":3,"minecraft:bone_meal":207,"farmersdelight:potato_crate":5,"crittersandcompanions:sea_bunny_spawn_egg":1},"minecraft:killed":{"alexsmobs:murmur":1,"minecraft:creeper":1,"alexsmobs:straddler":2,"alexsmobs:fly":1,"alexsmobs:bunfungus":1},"minecraft:custom":{"minecraft:interact_with_furnace":3,"minecraft:mob_kills":6,"minecraft:interact_with_anvil":9,"minecraft:open_barrel":1,"minecraft:leave_game":3,"minecraft:time_since_death":318596,"minecraft:sleep_in_bed":1,"minecraft:time_since_rest":268858,"minecraft:sprint_one_cm":52259,"minecraft:walk_one_cm":391210,"minecraft:drop":29,"minecraft:damage_dealt":3338,"minecraft:fly_one_cm":275770,"minecraft:play_time":318596,"minecraft:crouch_one_cm":38053,"minecraft:sneak_time":13095,"minecraft:walk_under_water_one_cm":264,"minecraft:jump":511,"minecraft:walk_on_water_one_cm":6319,"minecraft:interact_with_smoker":1,"minecraft:total_world_time":318596},"minecraft:picked_up":{"crittersandcompanions:sea_bunny_spawn_egg":1,"luphieclutteredmod:luphie_pink_mini_cabinet":1,"minecraft:pink_petals":10,"minecraft:allium":1,"minecraft:basalt":1,"luphieclutteredmod:luphie_pink_armchair":1,"luphieclutteredmod:luphie_pink_counter":2,"minecraft:red_mushroom":2,"luphieclutteredmod:luphie_wine_bottles":1,"doggytalents:rice_grains":9,"minecraft:torchflower":1,"fantasyfurniture:bone/wither/table_large":2,"alexsmobs:cooked_kangaroo_meat":1,"fruitsdelight:pineapple_sapling":1,"minecraft:gunpowder":2,"fruitsdelight:mangosteen":1,"farmersdelight:cutting_board":2,"minecraft:cornflower":28,"minecraft:dirt":167,"zetter:canvas":1,"fruitsdelight:bellini_cocktail":1,"fantasyfurniture:decorations/berry_basket_sweetberry":1,"minecraft:wheat_seeds":11,"corn_delight:boiled_corn":1,"fantasyfurniture:dunmer/table_large":1,"alexsmobs:elastic_tendon":1,"minecraft:stripped_oak_wood":1,"crittersandcompanions:koi_fish":3,"minecraft:poppy":2,"corn_delight:grilled_corn":1,"luphieclutteredmod:luphie_flowering_pink_window":1,"luphieclutteredmod:luphie_pink_inner_corner_counter":2,"minecraft:oak_planks":1,"luphieclutteredmod:luphie_pink_shelf_cabinet":1,"opf:opf":3,"luphieclutteredmod:luphie_pink_outer_corner_cabinet":1,"minecraft:red_wool":1,"luphieclutteredmod:yellow_bicycle":1,"fruitsdelight:kiwi_juice":1,"luphieclutteredmod:luphie_mini_cactus_set":1,"alexsmobs:fedora":2,"luphieclutteredmod:cluttered_tarrey_town_wood_stove":1,"crittersandcompanions:shima_enaga_spawn_egg":1,"fruitsdelight:bayberry_soup":1,"farmersdelight:cooked_cod_slice":2,"alexsmobs:raw_catfish":3,"luphieclutteredmod:luphie_darkwood_southern_flair_chair":1,"luphieclutteredmod:luphie_white_shelf_cabinet":1,"zetter:easel":4,"luphieclutteredmod:luphie_orange_cat_plant_pot":1,"minecraft:bone_meal":1,"alexsdelight:raw_bunfungus":2,"zetter:palette":1,"alexsmobs:maggot":2,"luphieclutteredmod:luphie_pastry_display_case":1,"fruitsdelight:mango":5,"minecraft:obsidian":2,"alexsmobs:medium_catfish_bucket":1,"fruitsdelight:hamimelon_popsicle":1,"minecraft:oxeye_daisy":8}},"DataVersion":3465}