{"stats":{"minecraft:custom":{"minecraft:interact_with_furnace":1,"lootr:looted_stat":15,"minecraft:mob_kills":12,"minecraft:interact_with_crafting_table":21,"minecraft:open_barrel":4,"minecraft:time_since_death":108836,"minecraft:leave_game":4,"minecraft:sleep_in_bed":2,"minecraft:climb_one_cm":7129,"minecraft:time_since_rest":33882,"minecraft:sprint_one_cm":199830,"minecraft:damage_taken":1871,"minecraft:walk_one_cm":447757,"minecraft:drop":7,"minecraft:damage_dealt":3857,"minecraft:swim_one_cm":274,"minecraft:fly_one_cm":95131,"minecraft:open_chest":26,"minecraft:crouch_one_cm":26894,"minecraft:play_time":108836,"minecraft:sneak_time":6644,"minecraft:walk_under_water_one_cm":5897,"minecraft:jump":850,"minecraft:walk_on_water_one_cm":8863,"minecraft:total_world_time":108836,"minecraft:fall_one_cm":19865},"minecraft:mined":{"minecraft:dark_oak_planks":3,"minecraft:deepslate_tiles":5,"minecraft:spruce_planks":1,"minecraft:white_bed":1,"quark:yellow_blossom_leaves":21,"minecraft:oak_door":1,"minecraft:amethyst_cluster":1,"minecraft:soul_lantern":5,"minecraft:powder_snow":3,"minecraft:crafting_table":1,"minecraft:grass_block":121,"quark:blossom_log":12,"minecraft:tall_grass":5,"minecraft:cobblestone":1,"minecraft:deepslate_coal_ore":1,"minecraft:spruce_leaves":12,"minecraft:cyan_bed":3,"supplementaries:cage":1,"minecraft:amethyst_block":1,"minecraft:carrots":12,"minecraft:iron_ore":13,"minecraft:wheat":53,"minecraft:cobbled_deepslate":1,"minecraft:ice":1,"minecraft:spruce_log":50,"biomesoplenty:fir_log":6,"minecraft:grass":161,"minecraft:oak_log":13,"chococraft:gysahl_green":18,"minecraft:potatoes":8,"minecraft:coal_ore":7,"minecraft:beetroots":7,"minecraft:lantern":2,"minecraft:dirt":17,"irons_spellbooks:inscription_table":1,"minecraft:stone":29,"minecraft:stone_bricks":3,"minecraft:oak_leaves":1,"minecraft:spruce_slab":1,"minecraft:deepslate":11},"minecraft:crafted":{"minecraft:oak_door":3,"minecraft:oak_planks":52,"minecraft:stone_shovel":1,"minecraft:crafting_table":1,"minecraft:spruce_planks":60,"minecraft:wooden_pickaxe":1,"minecraft:spruce_door":3,"minecraft:bucket":1,"minecraft:stone_axe":4,"biomesoplenty:fir_planks":24,"minecraft:spruce_slab":12,"minecraft:stick":12,"quark:oak_chest":2,"minecraft:stone_sword":1,"minecraft:stone_pickaxe":1,"quark:spruce_chest":1,"epicfight:stone_spear":1},"minecraft:picked_up":{"minecraft:wheat":44,"swem:timothy_seeds":62,"minecraft:iron_chestplate":3,"chococraft:loverly_gysahl_green":3,"minecraft:crafting_table":1,"gnumus:overripe_carrot":1,"minecraft:potato":30,"biomesoplenty:fir_log":6,"minecraft:oak_log":13,"minecraft:amethyst_block":1,"minecraft:dirt":138,"minecraft:lantern":1,"irons_spellbooks:common_ink":2,"minecraft:bone":2,"chococraft:gysahl_green":81,"minecraft:beetroot":7,"minecraft:stone_bricks":3,"chococraft:gold_gysahl":2,"irons_spellbooks:arcane_essence":6,"minecraft:deepslate_tiles":4,"minecraft:wheat_seeds":176,"minecraft:cobbled_deepslate":11,"minecraft:spruce_planks":24,"irons_spellbooks:epic_ink":1,"minecraft:spruce_slab":1,"swem:oat_seeds":50,"irons_spellbooks:inscription_table":1,"minecraft:iron_boots":1,"minecraft:stick":6,"minecraft:raw_iron":13,"minecraft:oak_door":1,"quark:blossom_log":12,"minecraft:amethyst_shard":4,"minecraft:spruce_sapling":4,"chococraft:gysahl_green_seeds":26,"minecraft:carrot":40,"minecraft:white_bed":1,"minecraft:spruce_log":49,"minecraft:cyan_bed":3,"minecraft:dark_oak_planks":2,"irons_spellbooks:ice_rune":1,"minecraft:stone_sword":1,"minecraft:arrow":3,"minecraft:rotten_flesh":2,"minecraft:beetroot_seeds":22,"minecraft:soul_lantern":5,"swem:alfalfa_seeds":52,"supplementaries:ash":3,"ars_nouveau:sourceberry_bush":3,"minecraft:coal":7,"eternal_tales:heart_et":1,"minecraft:cobblestone":29,"irons_spellbooks:scroll":1},"minecraft:killed":{"eternal_tales:interdimensional_zombie":2,"irons_spellbooks:summoned_polar_bear":1,"born_in_chaos_v1:decrepit_skeleton":1,"minecraft:skeleton":1,"minecraft:pillager":1,"born_in_chaos_v1:corpse_fly":1,"eternal_tales:interdimensionipyre":3},"minecraft:dropped":{"minecraft:stone_sword":1,"swem:alfalfa_seeds":1,"supplementaries:ash":1,"swem:timothy_seeds":7,"biomesoplenty:fir_planks":11,"farmersdelight:rope":25,"swem:oat_seeds":1},"minecraft:broken":{"minecraft:stone_shovel":1},"minecraft:used":{"minecraft:water_bucket":14,"minecraft:amethyst_block":1,"minecraft:spruce_door":1,"minecraft:spruce_slab":13,"minecraft:stone_shovel":139,"minecraft:stone_pickaxe":99,"minecraft:spruce_planks":57,"minecraft:wooden_pickaxe":13,"minecraft:oak_door":1,"minecraft:dirt":1,"minecraft:crafting_table":2,"wom:diamond_legtopseal":1,"minecraft:white_bed":1,"epicfight:stone_spear":18,"minecraft:spruce_log":34,"quark:spruce_chest":1,"minecraft:bread":14,"minecraft:cyan_bed":3,"minecraft:stone_bricks":3,"minecraft:stone_axe":166,"minecraft:cobblestone":3,"supplementaries:ash":1,"minecraft:goat_horn":1,"minecraft:bucket":14,"quark:oak_chest":2,"minecraft:cobbled_deepslate":9,"epicfight:skillbook":1}},"DataVersion":3465}