{"stats":{"minecraft:custom":{"minecraft:interact_with_furnace":1,"lootr:looted_stat":8,"minecraft:mob_kills":7,"minecraft:interact_with_crafting_table":17,"minecraft:time_since_death":70792,"minecraft:sleep_in_bed":1,"minecraft:climb_one_cm":356,"minecraft:time_since_rest":15849,"minecraft:sprint_one_cm":96532,"minecraft:damage_taken":1160,"minecraft:walk_one_cm":301158,"minecraft:drop":4,"minecraft:damage_dealt":2147,"minecraft:swim_one_cm":274,"minecraft:fly_one_cm":39945,"minecraft:open_chest":17,"minecraft:crouch_one_cm":24201,"minecraft:play_time":70792,"minecraft:sneak_time":5376,"minecraft:walk_under_water_one_cm":3144,"minecraft:jump":549,"minecraft:walk_on_water_one_cm":3694,"minecraft:total_world_time":70792,"minecraft:fall_one_cm":9390},"minecraft:killed":{"eternal_tales:interdimensional_zombie":2,"minecraft:pillager":1,"eternal_tales:interdimensionipyre":3},"minecraft:dropped":{"swem:alfalfa_seeds":1,"swem:timothy_seeds":7,"biomesoplenty:fir_planks":11,"swem:oat_seeds":1},"minecraft:mined":{"minecraft:spruce_planks":1,"minecraft:white_bed":1,"minecraft:oak_door":1,"minecraft:powder_snow":3,"minecraft:crafting_table":1,"minecraft:grass_block":121,"minecraft:tall_grass":2,"minecraft:deepslate_coal_ore":1,"minecraft:spruce_leaves":12,"supplementaries:cage":1,"minecraft:carrots":12,"minecraft:iron_ore":12,"minecraft:cobbled_deepslate":1,"minecraft:wheat":53,"minecraft:spruce_log":50,"biomesoplenty:fir_log":6,"minecraft:coal_ore":3,"minecraft:grass":161,"chococraft:gysahl_green":18,"minecraft:potatoes":8,"minecraft:oak_log":6,"minecraft:beetroots":7,"minecraft:lantern":1,"minecraft:dirt":17,"minecraft:stone_bricks":3,"minecraft:stone":16,"minecraft:spruce_slab":1,"minecraft:oak_leaves":1,"minecraft:deepslate":11},"minecraft:used":{"minecraft:water_bucket":12,"minecraft:spruce_door":1,"minecraft:spruce_slab":13,"minecraft:stone_shovel":139,"minecraft:stone_pickaxe":65,"minecraft:spruce_planks":53,"minecraft:wooden_pickaxe":13,"minecraft:oak_door":1,"minecraft:crafting_table":2,"minecraft:white_bed":1,"wom:diamond_legtopseal":1,"minecraft:spruce_log":34,"quark:spruce_chest":1,"minecraft:bread":8,"minecraft:stone_bricks":3,"minecraft:stone_axe":106,"minecraft:bucket":13,"quark:oak_chest":1,"minecraft:cobbled_deepslate":9},"minecraft:broken":{"minecraft:stone_shovel":1},"minecraft:crafted":{"minecraft:oak_door":3,"minecraft:oak_planks":24,"minecraft:stone_shovel":1,"minecraft:crafting_table":1,"minecraft:spruce_planks":60,"minecraft:wooden_pickaxe":1,"minecraft:spruce_door":3,"minecraft:bucket":1,"minecraft:stone_axe":4,"biomesoplenty:fir_planks":24,"minecraft:spruce_slab":12,"minecraft:stick":12,"quark:oak_chest":1,"minecraft:stone_pickaxe":1,"quark:spruce_chest":1},"minecraft:picked_up":{"minecraft:wheat":44,"minecraft:crafting_table":1,"swem:timothy_seeds":62,"chococraft:loverly_gysahl_green":3,"minecraft:iron_chestplate":3,"gnumus:overripe_carrot":1,"minecraft:potato":30,"biomesoplenty:fir_log":6,"minecraft:oak_log":6,"minecraft:dirt":138,"minecraft:lantern":1,"minecraft:bone":1,"chococraft:gysahl_green":81,"minecraft:beetroot":7,"minecraft:stone_bricks":3,"chococraft:gold_gysahl":2,"minecraft:wheat_seeds":176,"minecraft:cobbled_deepslate":11,"minecraft:spruce_planks":24,"minecraft:spruce_slab":1,"swem:oat_seeds":50,"minecraft:iron_boots":1,"minecraft:stick":6,"minecraft:raw_iron":12,"minecraft:oak_door":1,"chococraft:gysahl_green_seeds":26,"minecraft:spruce_sapling":4,"minecraft:white_bed":1,"minecraft:carrot":40,"minecraft:spruce_log":49,"minecraft:beetroot_seeds":22,"swem:alfalfa_seeds":52,"supplementaries:ash":1,"minecraft:coal":4,"minecraft:cobblestone":16,"eternal_tales:heart_et":1}},"DataVersion":3465}