{"stats":{"minecraft:custom":{"lootr:looted_stat":15,"minecraft:mob_kills":31,"minecraft:interact_with_crafting_table":24,"minecraft:open_barrel":4,"minecraft:damage_dealt_resisted":120,"minecraft:leave_game":4,"minecraft:time_since_death":6773,"minecraft:climb_one_cm":7129,"minecraft:sprint_one_cm":243719,"minecraft:walk_one_cm":511735,"minecraft:drop":9,"minecraft:play_time":132836,"minecraft:deaths":1,"minecraft:sneak_time":8089,"minecraft:walk_under_water_one_cm":10930,"minecraft:jump":1008,"minecraft:walk_on_water_one_cm":10442,"minecraft:total_world_time":132836,"minecraft:interact_with_furnace":1,"minecraft:sleep_in_bed":2,"minecraft:time_since_rest":6881,"minecraft:damage_taken":2994,"minecraft:damage_dealt":7379,"minecraft:swim_one_cm":2202,"minecraft:fly_one_cm":255972,"minecraft:open_chest":37,"minecraft:crouch_one_cm":32180,"minecraft:fall_one_cm":21717},"minecraft:mined":{"minecraft:dark_oak_planks":3,"minecraft:deepslate_tiles":5,"minecraft:spruce_planks":1,"minecraft:white_bed":2,"quark:yellow_blossom_leaves":21,"minecraft:oak_door":1,"gravestone:gravestone":1,"minecraft:grass_block":140,"minecraft:spruce_leaves":12,"quark:bonded_leather":1,"minecraft:carrots":12,"minecraft:iron_ore":22,"minecraft:cobbled_deepslate":1,"chococraft:gysahl_green":19,"minecraft:potatoes":8,"minecraft:lantern":3,"irons_spellbooks:inscription_table":1,"minecraft:stone":63,"minecraft:spruce_slab":1,"minecraft:amethyst_cluster":1,"minecraft:soul_lantern":5,"minecraft:powder_snow":3,"minecraft:crafting_table":1,"quark:blossom_log":14,"minecraft:tall_grass":5,"minecraft:cobblestone":2,"minecraft:deepslate_coal_ore":1,"minecraft:cyan_bed":3,"ars_nouveau:blue_archwood_leaves":2,"supplementaries:cage":1,"minecraft:amethyst_block":1,"minecraft:chain":1,"ars_nouveau:purple_archwood_leaves":5,"minecraft:wheat":53,"minecraft:ice":1,"minecraft:spruce_log":50,"biomesoplenty:fir_log":6,"minecraft:grass":163,"minecraft:coal_ore":10,"minecraft:oak_log":13,"minecraft:beetroots":7,"minecraft:dirt":19,"minecraft:stone_bricks":3,"minecraft:oak_leaves":1,"minecraft:deepslate":11},"minecraft:crafted":{"minecraft:oak_door":3,"minecraft:oak_planks":52,"minecraft:stone_shovel":2,"minecraft:spruce_slab":12,"minecraft:stone_pickaxe":2,"quark:spruce_chest":1,"epicfight:stone_spear":1,"minecraft:crafting_table":2,"minecraft:spruce_planks":60,"minecraft:wooden_pickaxe":1,"minecraft:spruce_door":3,"minecraft:bucket":1,"minecraft:stone_axe":4,"biomesoplenty:fir_planks":24,"minecraft:stick":16,"quark:oak_chest":2,"minecraft:stone_sword":1},"minecraft:killed":{"born_in_chaos_v1:zombie_lumberjack":1,"minecraft:spider":1,"irons_spellbooks:summoned_polar_bear":1,"born_in_chaos_v1:baby_skeleton_minion":1,"born_in_chaos_v1:maggot":3,"minecraft:skeleton":1,"eternal_tales:interdimensionipyre":3,"eternal_tales:interdimensional_zombie":2,"born_in_chaos_v1:bonescaller":1,"gnumus:big_snout":1,"born_in_chaos_v1:decrepit_skeleton":4,"minecraft:pillager":2,"minecraft:zombie":3,"born_in_chaos_v1:corpse_fly":5},"minecraft:picked_up":{"minecraft:crafting_table":1,"chococraft:loverly_gysahl_green":3,"minecraft:iron_chestplate":3,"minecraft:wheat":44,"born_in_chaos_v1:seedof_chaos":2,"minecraft:chain":1,"minecraft:amethyst_block":1,"minecraft:cornflower":1,"minecraft:string":1,"quark:bonded_leather":1,"minecraft:beetroot":7,"irons_spellbooks:arcane_essence":6,"minecraft:deepslate_tiles":4,"minecraft:cobbled_deepslate":11,"minecraft:spruce_planks":24,"minecraft:written_book":1,"irons_spellbooks:epic_ink":1,"minecraft:spruce_slab":1,"irons_spellbooks:inscription_table":1,"minecraft:iron_boots":1,"minecraft:raw_iron":21,"minecraft:stick":6,"born_in_chaos_v1:shattered_skull":1,"minecraft:oak_door":1,"gnumus:juicy_meat":3,"minecraft:acacia_log":2,"quark:blossom_log":14,"minecraft:carrot":40,"minecraft:dark_oak_planks":2,"minecraft:stone_sword":1,"minecraft:arrow":3,"minecraft:rotten_flesh":11,"minecraft:beetroot_seeds":22,"swem:alfalfa_seeds":52,"ars_nouveau:sourceberry_bush":3,"supplementaries:ash":3,"minecraft:cobblestone":65,"eternal_tales:heart_et":3,"minecraft:birch_log":1,"born_in_chaos_v1:corpse_maggot":1,"swem:timothy_seeds":62,"born_in_chaos_v1:spiritual_dust":2,"gnumus:overripe_carrot":1,"minecraft:leather":5,"minecraft:potato":30,"biomesoplenty:fir_log":6,"minecraft:oak_log":13,"minecraft:dirt":159,"minecraft:lantern":2,"irons_spellbooks:common_ink":2,"minecraft:bone":9,"chococraft:gysahl_green":81,"minecraft:stone_bricks":3,"chococraft:gold_gysahl":2,"minecraft:wheat_seeds":177,"minecraft:iron_ingot":1,"swem:oat_seeds":50,"minecraft:amethyst_shard":4,"chococraft:gysahl_green_seeds":26,"minecraft:spruce_sapling":4,"minecraft:cyan_bed":3,"minecraft:white_bed":2,"minecraft:spruce_log":49,"minecraft:spruce_door":1,"irons_spellbooks:ice_rune":1,"minecraft:soul_lantern":5,"minecraft:coal":10,"irons_spellbooks:scroll":1},"minecraft:dropped":{"gravestone:obituary":1,"swem:oat_seeds":1,"minecraft:stone_sword":1,"minecraft:bowl":1,"swem:alfalfa_seeds":1,"swem:timothy_seeds":7,"supplementaries:ash":1,"biomesoplenty:fir_planks":11,"farmersdelight:rope":25},"minecraft:killed_by":{"eternal_tales:cold_overseer":1},"minecraft:broken":{"minecraft:stone_pickaxe":1,"minecraft:stone_shovel":1},"minecraft:used":{"irons_spellbooks:inscription_table":1,"minecraft:stone_shovel":160,"minecraft:spruce_slab":13,"minecraft:spruce_planks":57,"minecraft:rotten_flesh":2,"minecraft:oak_door":1,"minecraft:dirt":2,"wom:diamond_legtopseal":1,"born_in_chaos_v1:smoked_flesh":3,"quark:spruce_chest":1,"minecraft:lantern":2,"minecraft:stone_bricks":3,"minecraft:rabbit_stew":1,"supplementaries:ash":1,"minecraft:goat_horn":1,"minecraft:cobbled_deepslate":9,"quark:blossom_log":10,"epicfight:skillbook":1,"minecraft:water_bucket":14,"minecraft:amethyst_block":1,"minecraft:spruce_door":2,"minecraft:stone_pickaxe":148,"minecraft:wooden_pickaxe":13,"minecraft:crafting_table":3,"minecraft:white_bed":2,"minecraft:spruce_log":34,"epicfight:stone_spear":96,"minecraft:cyan_bed":3,"minecraft:bread":14,"minecraft:soul_lantern":2,"minecraft:stone_axe":168,"minecraft:cobblestone":29,"minecraft:bucket":15,"quark:oak_chest":2}},"DataVersion":3465}