{"stats":{"minecraft:custom":{"minecraft:time_since_rest":46792,"lootr:looted_stat":7,"minecraft:interact_with_furnace":1,"minecraft:sprint_one_cm":53606,"minecraft:damage_taken":1050,"minecraft:walk_one_cm":175671,"minecraft:mob_kills":7,"minecraft:drop":3,"minecraft:damage_dealt":2147,"minecraft:interact_with_crafting_table":9,"minecraft:fly_one_cm":28166,"minecraft:open_chest":4,"minecraft:crouch_one_cm":9192,"minecraft:play_time":46792,"minecraft:sneak_time":2676,"minecraft:jump":336,"minecraft:walk_on_water_one_cm":738,"minecraft:time_since_death":46792,"minecraft:climb_one_cm":154,"minecraft:total_world_time":46792,"minecraft:fall_one_cm":4505},"minecraft:killed":{"eternal_tales:interdimensional_zombie":2,"minecraft:pillager":1,"eternal_tales:interdimensionipyre":3},"minecraft:dropped":{"biomesoplenty:fir_planks":11,"swem:alfalfa_seeds":1,"swem:oat_seeds":1},"minecraft:mined":{"minecraft:cobbled_deepslate":1,"minecraft:spruce_log":46,"minecraft:powder_snow":3,"biomesoplenty:fir_log":6,"minecraft:crafting_table":1,"minecraft:grass_block":120,"minecraft:grass":63,"chococraft:gysahl_green":11,"minecraft:oak_log":6,"minecraft:coal_ore":3,"minecraft:dirt":17,"minecraft:tall_grass":1,"minecraft:deepslate_coal_ore":1,"minecraft:spruce_leaves":12,"minecraft:stone":13,"minecraft:oak_leaves":1,"supplementaries:cage":1,"minecraft:deepslate":11},"minecraft:used":{"quark:spruce_chest":1,"minecraft:stone_shovel":139,"minecraft:bread":6,"minecraft:stone_pickaxe":45,"minecraft:wooden_pickaxe":13,"minecraft:stone_axe":99,"minecraft:crafting_table":2,"wom:diamond_legtopseal":1,"minecraft:cobbled_deepslate":1},"minecraft:broken":{"minecraft:stone_shovel":1},"minecraft:crafted":{"biomesoplenty:fir_planks":24,"minecraft:oak_planks":4,"minecraft:stone_shovel":1,"minecraft:crafting_table":1,"minecraft:stick":12,"minecraft:wooden_pickaxe":1,"minecraft:stone_pickaxe":1,"quark:spruce_chest":1,"minecraft:stone_axe":1},"minecraft:picked_up":{"chococraft:loverly_gysahl_green":1,"swem:timothy_seeds":16,"minecraft:stick":6,"minecraft:crafting_table":1,"biomesoplenty:fir_log":6,"minecraft:spruce_sapling":4,"minecraft:oak_log":6,"chococraft:gysahl_green_seeds":4,"minecraft:spruce_log":45,"minecraft:dirt":137,"minecraft:bone":1,"chococraft:gysahl_green":3,"chococraft:gold_gysahl":1,"minecraft:wheat_seeds":14,"minecraft:cobbled_deepslate":11,"minecraft:spruce_planks":23,"swem:alfalfa_seeds":10,"supplementaries:ash":1,"swem:oat_seeds":7,"minecraft:coal":4,"eternal_tales:heart_et":1,"minecraft:cobblestone":13}},"DataVersion":3465}