{"stats":{"minecraft:broken":{"minecraft:stone_pickaxe":2,"minecraft:stone_axe":3,"minecraft:bow":1,"minecraft:stone_sword":1,"minecraft:iron_axe":1,"minecraft:iron_pickaxe":1},"minecraft:custom":{"minecraft:interact_with_crafting_table":77,"minecraft:leave_game":1,"minecraft:time_since_death":140595,"minecraft:sprint_one_cm":1133809,"minecraft:damage_blocked_by_shield":55,"minecraft:drop":168,"minecraft:play_time":379074,"minecraft:deaths":18,"minecraft:jump":6234,"minecraft:walk_on_water_one_cm":28923,"minecraft:interact_with_furnace":35,"minecraft:sleep_in_bed":16,"minecraft:damage_dealt":19464,"minecraft:player_kills":1,"minecraft:crouch_one_cm":30752,"minecraft:interact_with_smoker":42,"minecraft:horse_one_cm":3562,"minecraft:mob_kills":114,"minecraft:climb_one_cm":36987,"minecraft:walk_one_cm":922028,"minecraft:sneak_time":9802,"minecraft:walk_under_water_one_cm":32658,"minecraft:boat_one_cm":315191,"minecraft:interact_with_blast_furnace":25,"minecraft:total_world_time":379074,"minecraft:time_since_rest":131921,"minecraft:damage_taken":7914,"minecraft:swim_one_cm":117350,"minecraft:fly_one_cm":1101077,"minecraft:open_chest":108,"minecraft:fall_one_cm":154492},"minecraft:picked_up":{"cobblemon:red_apricorn":40,"minecraft:golden_shovel":1,"minecraft:amethyst_block":2,"minecraft:string":40,"minecraft:raw_copper":155,"minecraft:cobbled_deepslate":73,"minecraft:smooth_stone":3,"cobblemon:white_apricorn_seed":5,"minecraft:spruce_planks":129,"cobblemon:oran_berry":398,"minecraft:rose_bush":3,"minecraft:calcite":745,"minecraft:iron_pickaxe":14,"minecraft:furnace":12,"minecraft:stick":42,"cobblemon:pc":1,"minecraft:torch":252,"minecraft:spruce_stairs":56,"minecraft:porkchop":3,"minecraft:golden_axe":2,"minecraft:diorite":3,"minecraft:stone_sword":4,"minecraft:rotten_flesh":90,"minecraft:cobblestone":509,"biomesoplenty:lavender":4,"minecraft:birch_log":1,"minecraft:feather":3,"minecraft:water_bucket":2,"minecraft:andesite":20,"minecraft:brown_wool":2,"minecraft:smoker":7,"minecraft:tuff":8,"minecraft:lapis_lazuli":103,"megamons:anistarite_geode_block":54,"minecraft:dirt":366,"minecraft:bone":109,"minecraft:bow":14,"minecraft:wheat_seeds":9,"cobblemon:black_apricorn":17,"minecraft:raw_gold":9,"minecraft:rabbit":2,"cobblemon:moon_stone":1,"minecraft:cooked_porkchop":4,"cobblemon:black_belt":1,"cobblemon:shiny_stone":1,"minecraft:sand":12,"minecraft:stripped_spruce_log":65,"minecraft:ink_sac":3,"minecraft:dark_oak_log":37,"megamons:anistarite_rough_geode_block":6,"minecraft:spruce_boat":5,"cobblemon:poke_ball":40,"minecraft:granite":13,"minecraft:bone_meal":64,"minecraft:oak_sapling":5,"minecraft:spruce_leaves":39,"minecraft:crafting_table":11,"minecraft:chicken":9,"minecraft:ladder":9,"minecraft:clay_ball":1,"cobblemon:yellow_apricorn":38,"minecraft:flint_and_steel":2,"cobblemon:white_apricorn":21,"cobblemon:green_apricorn":4,"minecraft:beef":20,"cobblemon:relic_coin":41,"minecraft:oak_boat":2,"biomesoplenty:wildflower":21,"minecraft:iron_nugget":1,"minecraft:spruce_slab":12,"minecraft:birch_sapling":2,"minecraft:spruce_trapdoor":6,"minecraft:dark_oak_sapling":2,"minecraft:raw_iron":78,"minecraft:copper_ingot":45,"minecraft:spruce_fence":34,"minecraft:redstone":52,"minecraft:dark_oak_planks":68,"cobblemon:dawn_stone":1,"cobblemon:ice_gem":1,"minecraft:arrow":112,"minecraft:peony":21,"minecraft:hay_block":38,"minecraft:mutton":16,"cobblemon:blue_apricorn":17,"minecraft:white_wool":10,"minecraft:oxeye_daisy":1,"minecraft:stripped_oak_log":4,"minecraft:air":0,"minecraft:salmon":3,"minecraft:leather":5,"minecraft:yellow_dye":1,"minecraft:music_disc_stal":1,"minecraft:birch_planks":81,"minecraft:oak_log":19,"minecraft:gunpowder":3,"minecraft:white_banner":3,"minecraft:spruce_wood":1,"minecraft:iron_ingot":46,"minecraft:stone_pickaxe":4,"minecraft:cooked_chicken":11,"cobblemon:chilan_berry":3,"cobblemon:red_apricorn_seed":10,"cobblemon:exp_candy_xs":2,"cobblemon:black_apricorn_seed":1,"minecraft:gravel":2,"cobblemon:premier_ball":1,"cobblemon:yellow_apricorn_seed":1,"minecraft:amethyst_shard":4,"minecraft:spruce_sapling":1,"cobblemon:pink_apricorn":1,"minecraft:white_bed":8,"minecraft:spruce_log":402,"minecraft:spruce_door":25,"minecraft:spider_eye":19,"minecraft:slime_ball":2,"minecraft:stone_axe":18,"cobblemon_armor_sets:bag_squirtle":13,"minecraft:coal":104,"minecraft:pink_dye":2},"minecraft:used":{"minecraft:peony":6,"minecraft:iron_shovel":107,"minecraft:spruce_slab":10,"minecraft:ladder":16,"minecraft:chest":4,"minecraft:shield":3,"minecraft:rotten_flesh":5,"minecraft:spruce_leaves":17,"minecraft:tuff":7,"minecraft:stripped_spruce_log":49,"minecraft:spruce_boat":5,"minecraft:glass":12,"minecraft:bow":5,"minecraft:furnace":6,"minecraft:stripped_spruce_wood":6,"minecraft:dark_oak_sapling":1,"minecraft:diorite":3,"minecraft:spruce_door":2,"minecraft:stone_pickaxe":314,"minecraft:oak_planks":20,"minecraft:wooden_pickaxe":19,"biomesoplenty:lavender":3,"megamons:anistarite_geode_block":6,"minecraft:shears":40,"minecraft:dark_oak_log":1,"minecraft:bread":44,"minecraft:gravel":2,"minecraft:dark_oak_fence":12,"minecraft:andesite":17,"minecraft:smooth_stone_slab":6,"minecraft:oak_boat":2,"minecraft:stone_sword":134,"minecraft:flint_and_steel":3,"minecraft:spruce_planks":13,"minecraft:cooked_salmon":3,"minecraft:cooked_chicken":7,"minecraft:torch":107,"minecraft:dirt":214,"minecraft:spruce_stairs":132,"minecraft:golden_shovel":126,"minecraft:spruce_fence":30,"minecraft:granite":4,"minecraft:dark_oak_planks":29,"minecraft:iron_axe":333,"cobblemon:pc":1,"minecraft:cooked_beef":5,"minecraft:cobbled_deepslate":61,"minecraft:golden_axe":21,"minecraft:calcite":178,"minecraft:cooked_mutton":11,"minecraft:water_bucket":33,"minecraft:rabbit":1,"minecraft:crafting_table":13,"cobblemon:black_apricorn_seed":1,"minecraft:white_bed":8,"biomesoplenty:wildflower":1,"minecraft:spruce_log":184,"minecraft:smoker":4,"minecraft:oak_log":4,"minecraft:iron_pickaxe":714,"minecraft:spruce_trapdoor":6,"minecraft:spruce_sapling":1,"minecraft:stone_axe":495,"minecraft:cobblestone":121,"minecraft:white_banner":3,"minecraft:cooked_porkchop":5,"minecraft:bucket":35},"minecraft:killed_by":{"minecraft:zombie_villager":1,"minecraft:creeper":2,"minecraft:zombie":5,"minecraft:player":1,"minecraft:skeleton":3},"minecraft:crafted":{"minecraft:oak_planks":28,"minecraft:cooked_chicken":7,"minecraft:stone":2,"minecraft:cooked_mutton":16,"minecraft:glass":12,"minecraft:iron_boots":1,"minecraft:chest":4,"minecraft:magenta_dye":1,"minecraft:cooked_porkchop":3,"minecraft:crafting_table":5,"minecraft:spruce_planks":308,"minecraft:wooden_pickaxe":1,"minecraft:spruce_door":3,"minecraft:copper_ingot":19,"minecraft:birch_planks":4,"cobblemon:poke_ball":4,"minecraft:iron_chestplate":1,"minecraft:charcoal":8,"minecraft:shield":1,"naturescompass:naturescompass":1,"minecraft:stick":140,"minecraft:iron_pickaxe":4,"minecraft:iron_ingot":114,"minecraft:compass":1,"minecraft:stone_sword":1,"minecraft:gold_ingot":9,"minecraft:shears":1,"minecraft:fishing_rod":1,"minecraft:smooth_stone_slab":6,"minecraft:furnace":3,"minecraft:spruce_fence":30,"cobblemon:premier_ball":8,"minecraft:dark_oak_fence":12,"minecraft:spruce_stairs":108,"minecraft:iron_axe":2,"minecraft:ladder":18,"minecraft:spruce_slab":6,"minecraft:stone_pickaxe":3,"minecraft:spruce_boat":1,"minecraft:dark_oak_planks":120,"minecraft:cooked_beef":8,"minecraft:wheat":144,"minecraft:stripped_spruce_wood":6,"minecraft:cooked_salmon":3,"minecraft:bucket":2,"minecraft:stone_axe":5,"minecraft:bread":48,"minecraft:air":0,"minecraft:blue_dye":2,"minecraft:oak_boat":1,"minecraft:iron_shovel":1,"minecraft:iron_leggings":1,"minecraft:white_bed":2,"minecraft:torch":148,"cobblemon:ultra_ball":28,"cobblemon:great_ball":32},"minecraft:killed":{"minecraft:spider":8,"minecraft:skeleton":24,"minecraft:silverfish":3,"minecraft:zombie_villager":1,"minecraft:salmon":3,"minecraft:sheep":10,"minecraft:pillager":2,"minecraft:zombie":36,"minecraft:cow":8,"minecraft:slime":2,"cobblemon:pokemon":15},"minecraft:mined":{"minecraft:dark_oak_planks":16,"minecraft:large_amethyst_bud":1,"minecraft:spruce_planks":4,"minecraft:white_bed":7,"cobblemon:pc":1,"megamons:crystal_shiny_stone_ore":1,"minecraft:spruce_trapdoor":6,"minecraft:granite":13,"minecraft:grass_block":102,"minecraft:tall_seagrass":1,"minecraft:iron_ore":33,"minecraft:fire":1,"biomesoplenty:lavender":4,"minecraft:deepslate_lapis_ore":3,"minecraft:spruce_wood":1,"minecraft:spruce_slab":5,"minecraft:deepslate_redstone_ore":5,"megamons:anistarite_geode_block":54,"minecraft:smoker":3,"minecraft:medium_amethyst_bud":1,"biomesoplenty:wildflower":9,"minecraft:amethyst_cluster":1,"minecraft:torch":7,"cobblemon:apricorn_leaves":19,"minecraft:calcite":232,"minecraft:cobblestone":32,"megamons:crystal_moon_stone_ore":1,"minecraft:wall_torch":20,"minecraft:amethyst_block":2,"minecraft:deepslate_copper_ore":13,"minecraft:lilac":2,"minecraft:grass":37,"minecraft:oak_log":19,"minecraft:sand":12,"minecraft:dirt":122,"minecraft:oak_leaves":36,"minecraft:deepslate":73,"minecraft:tuff":8,"minecraft:dark_oak_leaves":8,"biomesoplenty:desert_grass":2,"minecraft:dark_oak_log":31,"minecraft:ladder":7,"biomesoplenty:bush":1,"minecraft:spruce_leaves":56,"biomesoplenty:dune_grass":420,"minecraft:hay_block":22,"minecraft:redstone_ore":7,"minecraft:furnace":4,"minecraft:andesite":19,"minecraft:stripped_spruce_log":64,"minecraft:peony":7,"biomesoplenty:sea_oats":555,"minecraft:deepslate_iron_ore":33,"minecraft:stripped_oak_log":4,"minecraft:stone":352,"minecraft:podzol":36,"megamons:anistarite_rough_geode_block":6,"minecraft:crafting_table":11,"minecraft:rose_bush":3,"minecraft:copper_ore":31,"minecraft:lapis_ore":6,"minecraft:deepslate_gold_ore":5,"minecraft:spruce_stairs":31,"minecraft:spruce_log":276,"minecraft:white_wall_banner":2,"megamons:crystal_dawn_stone_ore":1,"minecraft:coal_ore":89,"minecraft:gravel":2,"biomesoplenty:stringy_cobweb":1,"minecraft:gold_ore":4},"minecraft:dropped":{"minecraft:lapis_lazuli":41,"cobblemon:red_apricorn_seed":7,"minecraft:dirt":3,"minecraft:dark_oak_log":5,"minecraft:yellow_dye":1,"cobblemon:poke_ball":4,"minecraft:bone_meal":64,"minecraft:iron_pickaxe":1,"minecraft:dark_oak_planks":28,"minecraft:stone_axe":2,"minecraft:cooked_chicken":2,"minecraft:pink_dye":1,"minecraft:birch_sapling":2,"minecraft:rotten_flesh":15,"minecraft:cooked_mutton":5,"minecraft:white_bed":1,"minecraft:arrow":3,"minecraft:iron_ingot":14,"minecraft:wheat_seeds":5,"minecraft:feather":2,"minecraft:cobblestone":14,"minecraft:copper_ingot":3,"minecraft:coal":15,"cobblemon:chilan_berry":1,"cobblemon:oran_berry":25,"minecraft:stick":3,"cobblemon:pink_apricorn":1,"minecraft:rose_bush":3,"minecraft:furnace":1,"minecraft:stone_sword":1,"minecraft:tuff":1,"minecraft:chicken":2,"minecraft:clay_ball":1,"cobblemon:premier_ball":4,"minecraft:flint_and_steel":1,"cobblemon:exp_candy_xs":1,"minecraft:spruce_planks":12,"minecraft:andesite":3,"minecraft:spruce_log":10,"minecraft:bow":1,"minecraft:calcite":77}},"DataVersion":3465}