{"stats":{"minecraft:custom":{"minecraft:mob_kills":27,"minecraft:interact_with_crafting_table":17,"minecraft:time_since_death":7825,"minecraft:climb_one_cm":2190,"minecraft:sprint_one_cm":283845,"minecraft:walk_one_cm":207527,"minecraft:drop":60,"minecraft:play_time":97984,"minecraft:deaths":2,"minecraft:sneak_time":1886,"minecraft:walk_under_water_one_cm":16056,"minecraft:boat_one_cm":37493,"minecraft:jump":1994,"minecraft:interact_with_blast_furnace":3,"minecraft:walk_on_water_one_cm":14377,"minecraft:total_world_time":97984,"minecraft:interact_with_furnace":21,"minecraft:sleep_in_bed":8,"minecraft:time_since_rest":7861,"minecraft:damage_taken":1720,"minecraft:damage_dealt":3540,"minecraft:swim_one_cm":91086,"minecraft:fly_one_cm":334659,"minecraft:open_chest":21,"minecraft:crouch_one_cm":3533,"minecraft:interact_with_smoker":21,"minecraft:fall_one_cm":50851,"minecraft:horse_one_cm":3562},"minecraft:broken":{"minecraft:stone_pickaxe":2},"minecraft:killed_by":{"minecraft:creeper":1},"minecraft:crafted":{"minecraft:oak_planks":28,"minecraft:cooked_chicken":3,"minecraft:furnace":2,"minecraft:cooked_mutton":16,"minecraft:stone_pickaxe":3,"minecraft:chest":2,"minecraft:dark_oak_planks":48,"minecraft:cooked_beef":3,"minecraft:cooked_porkchop":2,"minecraft:crafting_table":2,"minecraft:spruce_planks":32,"minecraft:wooden_pickaxe":1,"minecraft:cooked_salmon":3,"minecraft:bucket":1,"minecraft:birch_planks":4,"minecraft:stone_axe":1,"minecraft:air":0,"minecraft:oak_boat":1,"minecraft:charcoal":8,"minecraft:stick":36,"minecraft:iron_ingot":12,"minecraft:white_bed":2,"minecraft:torch":96},"minecraft:killed":{"minecraft:skeleton":7,"cobblemon:pokemon":3,"minecraft:salmon":3,"minecraft:sheep":10,"minecraft:zombie":4},"minecraft:used":{"minecraft:flint_and_steel":3,"minecraft:ladder":1,"minecraft:spruce_planks":2,"minecraft:chest":2,"minecraft:cooked_chicken":1,"minecraft:cooked_salmon":3,"minecraft:torch":47,"minecraft:dirt":131,"minecraft:golden_shovel":102,"minecraft:tuff":7,"minecraft:granite":4,"minecraft:furnace":4,"minecraft:cooked_beef":3,"minecraft:cobbled_deepslate":57,"minecraft:calcite":1,"minecraft:golden_axe":17,"minecraft:cooked_mutton":11,"minecraft:water_bucket":4,"minecraft:stone_pickaxe":294,"minecraft:oak_planks":20,"minecraft:wooden_pickaxe":19,"minecraft:crafting_table":8,"minecraft:white_bed":6,"minecraft:smoker":1,"minecraft:gravel":2,"minecraft:stone_axe":84,"minecraft:cobblestone":53,"minecraft:cooked_porkchop":3,"minecraft:bucket":5,"minecraft:andesite":17,"minecraft:oak_boat":2},"minecraft:mined":{"minecraft:tuff":7,"minecraft:white_bed":5,"minecraft:dark_oak_leaves":7,"minecraft:dark_oak_log":11,"biomesoplenty:desert_grass":2,"minecraft:ladder":1,"minecraft:granite":4,"minecraft:grass_block":65,"minecraft:tall_seagrass":1,"minecraft:furnace":2,"minecraft:fire":1,"minecraft:andesite":18,"minecraft:stripped_spruce_log":5,"minecraft:deepslate_iron_ore":10,"minecraft:spruce_wood":1,"minecraft:stone":105,"minecraft:podzol":36,"minecraft:smoker":1,"biomesoplenty:wildflower":8,"minecraft:crafting_table":7,"minecraft:torch":2,"cobblemon:apricorn_leaves":19,"minecraft:calcite":1,"minecraft:rose_bush":3,"minecraft:cobblestone":3,"minecraft:copper_ore":9,"minecraft:lapis_ore":6,"minecraft:wall_torch":14,"minecraft:lilac":2,"minecraft:spruce_log":12,"minecraft:grass":29,"minecraft:oak_log":15,"minecraft:coal_ore":83,"minecraft:gravel":2,"minecraft:dirt":5,"minecraft:oak_leaves":4,"minecraft:deepslate":57},"minecraft:dropped":{"minecraft:iron_ingot":12,"minecraft:lapis_lazuli":41,"minecraft:cobblestone":7,"minecraft:stick":1,"cobblemon:pink_apricorn":1,"minecraft:dark_oak_log":5,"minecraft:yellow_dye":1,"minecraft:rose_bush":3,"minecraft:dark_oak_planks":28,"minecraft:birch_sapling":2,"minecraft:chicken":2,"minecraft:rotten_flesh":10,"minecraft:cooked_mutton":5,"minecraft:white_bed":1,"minecraft:flint_and_steel":1,"cobblemon:exp_candy_xs":1,"minecraft:andesite":1,"minecraft:arrow":1},"minecraft:picked_up":{"minecraft:crafting_table":7,"minecraft:chicken":5,"minecraft:ladder":1,"cobblemon:yellow_apricorn":12,"cobblemon:red_apricorn":4,"minecraft:golden_shovel":1,"minecraft:raw_copper":29,"minecraft:flint_and_steel":2,"cobblemon:white_apricorn":11,"minecraft:smooth_stone":3,"minecraft:cobbled_deepslate":57,"cobblemon:green_apricorn":4,"cobblemon:white_apricorn_seed":4,"minecraft:spruce_planks":4,"cobblemon:oran_berry":19,"minecraft:oak_boat":2,"cobblemon:relic_coin":41,"minecraft:rose_bush":3,"minecraft:calcite":1,"minecraft:iron_nugget":1,"biomesoplenty:wildflower":20,"minecraft:birch_sapling":2,"minecraft:furnace":2,"minecraft:dark_oak_sapling":1,"minecraft:stick":1,"minecraft:raw_iron":10,"minecraft:torch":89,"minecraft:porkchop":2,"minecraft:golden_axe":2,"minecraft:dark_oak_planks":52,"cobblemon:ice_gem":1,"minecraft:arrow":10,"minecraft:rotten_flesh":10,"minecraft:peony":1,"minecraft:mutton":16,"cobblemon:blue_apricorn":14,"minecraft:oxeye_daisy":1,"minecraft:white_wool":10,"minecraft:cobblestone":151,"minecraft:birch_log":1,"minecraft:feather":1,"minecraft:water_bucket":2,"minecraft:salmon":3,"minecraft:andesite":18,"minecraft:brown_wool":1,"minecraft:yellow_dye":1,"minecraft:smoker":3,"minecraft:tuff":7,"minecraft:oak_log":15,"minecraft:lapis_lazuli":82,"minecraft:dirt":155,"minecraft:bone":19,"cobblemon:black_apricorn":2,"minecraft:wheat_seeds":4,"minecraft:spruce_wood":1,"minecraft:iron_ingot":3,"minecraft:stone_pickaxe":4,"minecraft:cooked_chicken":5,"cobblemon:exp_candy_xs":2,"minecraft:cooked_porkchop":4,"cobblemon:black_belt":1,"minecraft:gravel":2,"cobblemon:yellow_apricorn_seed":1,"minecraft:stripped_spruce_log":5,"minecraft:ink_sac":3,"cobblemon:pink_apricorn":1,"minecraft:white_bed":6,"minecraft:spruce_log":12,"minecraft:dark_oak_log":17,"minecraft:stone_axe":2,"minecraft:granite":4,"minecraft:coal":83}},"DataVersion":3465}