{"stats":{"minecraft:dropped":{"minecraft:iron_ingot":14,"minecraft:wheat_seeds":3,"minecraft:lapis_lazuli":41,"cobblemon:red_apricorn_seed":1,"minecraft:feather":2,"minecraft:cobblestone":14,"minecraft:copper_ingot":3,"minecraft:coal":15,"cobblemon:chilan_berry":1,"minecraft:stick":3,"cobblemon:pink_apricorn":1,"minecraft:dark_oak_log":5,"minecraft:yellow_dye":1,"cobblemon:poke_ball":4,"minecraft:rose_bush":3,"minecraft:iron_pickaxe":1,"minecraft:dark_oak_planks":28,"minecraft:furnace":1,"minecraft:stone_axe":1,"minecraft:cooked_chicken":2,"minecraft:stone_sword":1,"minecraft:pink_dye":1,"minecraft:birch_sapling":2,"minecraft:chicken":2,"minecraft:rotten_flesh":13,"minecraft:clay_ball":1,"cobblemon:premier_ball":4,"minecraft:cooked_mutton":5,"minecraft:white_bed":1,"minecraft:flint_and_steel":1,"cobblemon:exp_candy_xs":1,"minecraft:spruce_planks":12,"minecraft:andesite":1,"minecraft:spruce_log":10,"minecraft:bow":1,"minecraft:arrow":3,"minecraft:calcite":77},"minecraft:crafted":{"minecraft:oak_planks":28,"minecraft:cooked_chicken":7,"minecraft:furnace":3,"cobblemon:premier_ball":8,"minecraft:cooked_mutton":16,"minecraft:spruce_stairs":12,"minecraft:dark_oak_fence":12,"minecraft:stone_pickaxe":3,"minecraft:chest":2,"minecraft:dark_oak_planks":48,"minecraft:magenta_dye":1,"minecraft:cooked_beef":3,"minecraft:cooked_porkchop":2,"minecraft:crafting_table":4,"minecraft:spruce_planks":112,"minecraft:wooden_pickaxe":1,"minecraft:spruce_door":3,"minecraft:cooked_salmon":3,"minecraft:copper_ingot":19,"minecraft:birch_planks":4,"minecraft:bucket":1,"minecraft:stone_axe":2,"minecraft:air":0,"minecraft:blue_dye":2,"minecraft:oak_boat":1,"cobblemon:poke_ball":4,"minecraft:charcoal":8,"minecraft:stick":52,"minecraft:iron_ingot":17,"minecraft:iron_pickaxe":1,"minecraft:stone_sword":1,"minecraft:white_bed":2,"minecraft:torch":100},"minecraft:used":{"minecraft:stone_sword":88,"minecraft:flint_and_steel":3,"minecraft:ladder":1,"minecraft:chest":2,"minecraft:spruce_planks":5,"minecraft:cooked_salmon":3,"minecraft:cooked_chicken":7,"minecraft:torch":52,"minecraft:dirt":131,"minecraft:spruce_stairs":10,"minecraft:golden_shovel":102,"minecraft:tuff":7,"minecraft:granite":4,"minecraft:furnace":6,"minecraft:cooked_beef":3,"minecraft:cobbled_deepslate":60,"minecraft:golden_axe":21,"minecraft:calcite":56,"minecraft:cooked_mutton":11,"minecraft:water_bucket":5,"minecraft:spruce_door":1,"minecraft:rabbit":1,"minecraft:stone_pickaxe":314,"minecraft:oak_planks":20,"minecraft:wooden_pickaxe":19,"minecraft:crafting_table":10,"minecraft:white_bed":6,"minecraft:spruce_log":52,"minecraft:smoker":2,"minecraft:dark_oak_log":1,"minecraft:iron_pickaxe":92,"minecraft:gravel":2,"minecraft:stone_axe":200,"minecraft:cobblestone":53,"minecraft:white_banner":1,"minecraft:cooked_porkchop":4,"minecraft:dark_oak_fence":12,"minecraft:andesite":17,"minecraft:bucket":6,"minecraft:oak_boat":2},"minecraft:broken":{"minecraft:stone_pickaxe":2},"minecraft:custom":{"minecraft:mob_kills":50,"minecraft:interact_with_crafting_table":33,"minecraft:time_since_death":14817,"minecraft:climb_one_cm":5795,"minecraft:sprint_one_cm":443982,"minecraft:walk_one_cm":346331,"minecraft:drop":92,"minecraft:play_time":154096,"minecraft:deaths":6,"minecraft:sneak_time":3055,"minecraft:walk_under_water_one_cm":20607,"minecraft:boat_one_cm":37493,"minecraft:jump":3039,"minecraft:interact_with_blast_furnace":13,"minecraft:walk_on_water_one_cm":17229,"minecraft:total_world_time":154096,"minecraft:interact_with_furnace":23,"minecraft:sleep_in_bed":11,"minecraft:time_since_rest":14846,"minecraft:damage_taken":3160,"minecraft:damage_dealt":7824,"minecraft:swim_one_cm":96141,"minecraft:fly_one_cm":545473,"minecraft:open_chest":48,"minecraft:crouch_one_cm":6320,"minecraft:interact_with_smoker":26,"minecraft:fall_one_cm":82368,"minecraft:horse_one_cm":3562},"minecraft:mined":{"minecraft:tuff":7,"minecraft:white_bed":5,"minecraft:dark_oak_leaves":7,"biomesoplenty:desert_grass":2,"minecraft:dark_oak_log":12,"minecraft:ladder":1,"minecraft:granite":4,"biomesoplenty:bush":1,"minecraft:grass_block":65,"minecraft:spruce_leaves":1,"minecraft:tall_seagrass":1,"minecraft:furnace":4,"minecraft:fire":1,"minecraft:andesite":18,"minecraft:stripped_spruce_log":5,"minecraft:deepslate_iron_ore":14,"minecraft:spruce_wood":1,"minecraft:stone":114,"minecraft:podzol":36,"minecraft:smoker":1,"biomesoplenty:wildflower":8,"minecraft:crafting_table":8,"minecraft:torch":2,"cobblemon:apricorn_leaves":19,"minecraft:calcite":84,"minecraft:rose_bush":3,"minecraft:copper_ore":9,"minecraft:cobblestone":3,"minecraft:lapis_ore":6,"minecraft:wall_torch":14,"minecraft:lilac":2,"minecraft:spruce_log":79,"minecraft:white_wall_banner":1,"minecraft:grass":31,"minecraft:oak_log":15,"minecraft:coal_ore":83,"minecraft:gravel":2,"minecraft:dirt":5,"minecraft:oak_leaves":5,"minecraft:deepslate":71},"minecraft:killed_by":{"minecraft:creeper":2,"minecraft:zombie":1},"minecraft:picked_up":{"minecraft:crafting_table":8,"minecraft:chicken":9,"minecraft:ladder":1,"minecraft:clay_ball":1,"cobblemon:yellow_apricorn":12,"cobblemon:red_apricorn":4,"minecraft:golden_shovel":1,"minecraft:raw_copper":29,"minecraft:flint_and_steel":2,"cobblemon:white_apricorn":15,"minecraft:cobbled_deepslate":71,"minecraft:smooth_stone":3,"cobblemon:green_apricorn":4,"cobblemon:white_apricorn_seed":5,"minecraft:spruce_planks":53,"minecraft:oak_boat":2,"cobblemon:oran_berry":148,"cobblemon:relic_coin":41,"minecraft:rose_bush":3,"minecraft:calcite":161,"minecraft:iron_nugget":1,"minecraft:iron_pickaxe":2,"biomesoplenty:wildflower":20,"minecraft:birch_sapling":2,"minecraft:furnace":9,"minecraft:dark_oak_sapling":1,"minecraft:stick":10,"minecraft:raw_iron":19,"minecraft:copper_ingot":9,"minecraft:torch":89,"minecraft:porkchop":2,"minecraft:golden_axe":2,"minecraft:dark_oak_planks":52,"minecraft:stone_sword":2,"cobblemon:ice_gem":1,"minecraft:arrow":18,"minecraft:rotten_flesh":16,"minecraft:peony":1,"minecraft:mutton":16,"cobblemon:blue_apricorn":14,"minecraft:oxeye_daisy":1,"minecraft:white_wool":10,"minecraft:cobblestone":174,"minecraft:birch_log":1,"minecraft:air":0,"minecraft:feather":3,"minecraft:andesite":18,"minecraft:water_bucket":2,"minecraft:salmon":3,"minecraft:brown_wool":1,"minecraft:yellow_dye":1,"minecraft:smoker":5,"minecraft:tuff":7,"minecraft:oak_log":15,"minecraft:lapis_lazuli":82,"minecraft:dirt":155,"minecraft:white_banner":2,"minecraft:bone":22,"minecraft:bow":3,"minecraft:wheat_seeds":7,"cobblemon:black_apricorn":2,"minecraft:spruce_wood":1,"minecraft:iron_ingot":10,"minecraft:stone_pickaxe":4,"minecraft:cooked_chicken":11,"minecraft:rabbit":2,"cobblemon:chilan_berry":3,"cobblemon:red_apricorn_seed":1,"cobblemon:exp_candy_xs":2,"minecraft:cooked_porkchop":4,"cobblemon:black_belt":1,"minecraft:gravel":2,"cobblemon:premier_ball":1,"cobblemon:yellow_apricorn_seed":1,"minecraft:stripped_spruce_log":5,"cobblemon:pink_apricorn":1,"minecraft:ink_sac":3,"minecraft:white_bed":6,"minecraft:spruce_log":88,"minecraft:dark_oak_log":18,"minecraft:spider_eye":2,"cobblemon:poke_ball":16,"minecraft:stone_axe":3,"minecraft:granite":4,"cobblemon_armor_sets:bag_squirtle":1,"minecraft:coal":98,"minecraft:pink_dye":2},"minecraft:killed":{"minecraft:spider":2,"minecraft:skeleton":10,"cobblemon:pokemon":11,"minecraft:salmon":3,"minecraft:sheep":10,"minecraft:pillager":2,"minecraft:zombie":12}},"DataVersion":3465}