{"stats":{"minecraft:custom":{"minecraft:interact_with_furnace":12,"minecraft:mob_kills":17,"minecraft:interact_with_crafting_table":9,"minecraft:time_since_death":36286,"minecraft:sleep_in_bed":1,"minecraft:time_since_rest":9411,"minecraft:sprint_one_cm":96076,"minecraft:damage_taken":440,"minecraft:walk_one_cm":84333,"minecraft:drop":3,"minecraft:damage_dealt":1704,"minecraft:swim_one_cm":8509,"minecraft:fly_one_cm":71839,"minecraft:open_chest":1,"minecraft:crouch_one_cm":754,"minecraft:play_time":36286,"minecraft:sneak_time":252,"minecraft:walk_under_water_one_cm":2722,"minecraft:boat_one_cm":22320,"minecraft:jump":468,"minecraft:walk_on_water_one_cm":1725,"minecraft:interact_with_smoker":13,"minecraft:total_world_time":36286,"minecraft:fall_one_cm":11307,"minecraft:horse_one_cm":3562},"minecraft:crafted":{"minecraft:cooked_beef":3,"minecraft:oak_planks":28,"minecraft:cooked_porkchop":2,"minecraft:crafting_table":1,"minecraft:wooden_pickaxe":1,"minecraft:cooked_chicken":1,"minecraft:furnace":2,"minecraft:cooked_salmon":3,"minecraft:birch_planks":4,"minecraft:stone_axe":1,"minecraft:cooked_mutton":11,"minecraft:air":0,"minecraft:oak_boat":1,"minecraft:charcoal":8,"minecraft:stick":8,"minecraft:stone_pickaxe":2,"minecraft:white_bed":2,"minecraft:dark_oak_planks":20},"minecraft:killed":{"cobblemon:pokemon":3,"minecraft:salmon":3,"minecraft:sheep":10,"minecraft:skeleton":1},"minecraft:dropped":{"minecraft:cooked_mutton":3,"minecraft:white_bed":1,"minecraft:flint_and_steel":1},"minecraft:mined":{"minecraft:white_bed":2,"minecraft:dark_oak_leaves":7,"minecraft:smoker":1,"minecraft:dark_oak_log":4,"minecraft:crafting_table":6,"cobblemon:apricorn_leaves":19,"minecraft:rose_bush":3,"minecraft:tall_seagrass":1,"minecraft:furnace":2,"minecraft:fire":1,"minecraft:lilac":2,"minecraft:andesite":1,"minecraft:grass":2,"minecraft:oak_log":15,"minecraft:coal_ore":18,"minecraft:stone":28},"minecraft:used":{"minecraft:cooked_mutton":1,"minecraft:flint_and_steel":3,"minecraft:stone_pickaxe":43,"minecraft:wooden_pickaxe":8,"minecraft:dirt":13,"minecraft:crafting_table":6,"minecraft:white_bed":1,"minecraft:stone_axe":48,"minecraft:furnace":3,"minecraft:cooked_porkchop":2,"minecraft:oak_boat":1,"minecraft:cooked_beef":3},"minecraft:picked_up":{"minecraft:birch_log":1,"minecraft:crafting_table":6,"minecraft:feather":1,"minecraft:chicken":1,"minecraft:salmon":3,"minecraft:andesite":1,"minecraft:brown_wool":1,"minecraft:smoker":1,"minecraft:oak_log":15,"minecraft:dirt":13,"minecraft:oak_boat":1,"minecraft:rose_bush":3,"minecraft:birch_sapling":2,"minecraft:furnace":2,"minecraft:dark_oak_sapling":1,"minecraft:stick":1,"minecraft:porkchop":2,"minecraft:white_bed":1,"minecraft:dark_oak_log":5,"minecraft:arrow":1,"minecraft:mutton":15,"minecraft:coal":18,"minecraft:white_wool":10,"minecraft:cobblestone":28}},"DataVersion":3465}