{"stats":{"minecraft:broken":{"minecraft:stone_sword":1,"minecraft:stone_pickaxe":2,"minecraft:stone_axe":2,"minecraft:bow":1},"minecraft:used":{"minecraft:peony":4,"minecraft:stone_sword":134,"minecraft:flint_and_steel":3,"minecraft:spruce_slab":10,"minecraft:ladder":7,"minecraft:chest":2,"minecraft:spruce_planks":12,"minecraft:cooked_salmon":3,"minecraft:cooked_chicken":7,"minecraft:rotten_flesh":5,"minecraft:torch":61,"minecraft:dirt":214,"minecraft:golden_shovel":126,"minecraft:spruce_stairs":120,"minecraft:tuff":7,"minecraft:granite":4,"minecraft:spruce_fence":24,"minecraft:stripped_spruce_log":1,"minecraft:glass":12,"minecraft:bow":5,"minecraft:furnace":6,"minecraft:cooked_beef":5,"minecraft:cobbled_deepslate":60,"minecraft:golden_axe":21,"minecraft:calcite":172,"minecraft:cooked_mutton":11,"minecraft:water_bucket":5,"minecraft:spruce_door":2,"minecraft:rabbit":1,"minecraft:oak_planks":20,"minecraft:stone_pickaxe":314,"minecraft:wooden_pickaxe":19,"minecraft:crafting_table":11,"minecraft:white_bed":6,"biomesoplenty:wildflower":1,"minecraft:spruce_log":114,"minecraft:smoker":2,"minecraft:dark_oak_log":1,"minecraft:iron_pickaxe":240,"minecraft:spruce_trapdoor":4,"minecraft:gravel":2,"minecraft:spruce_sapling":1,"minecraft:stone_axe":477,"minecraft:cobblestone":67,"minecraft:white_banner":3,"minecraft:cooked_porkchop":5,"minecraft:dark_oak_fence":12,"minecraft:andesite":17,"minecraft:bucket":6,"minecraft:smooth_stone_slab":6,"minecraft:oak_boat":2},"minecraft:crafted":{"minecraft:oak_planks":28,"minecraft:smooth_stone_slab":6,"minecraft:cooked_chicken":7,"minecraft:furnace":3,"minecraft:spruce_fence":24,"cobblemon:premier_ball":8,"minecraft:cooked_mutton":16,"minecraft:glass":12,"minecraft:spruce_stairs":100,"minecraft:dark_oak_fence":12,"minecraft:ladder":6,"minecraft:spruce_slab":6,"minecraft:stone_pickaxe":3,"minecraft:chest":2,"minecraft:dark_oak_planks":48,"minecraft:magenta_dye":1,"minecraft:cooked_beef":5,"minecraft:cooked_porkchop":3,"minecraft:crafting_table":5,"minecraft:spruce_planks":292,"minecraft:wooden_pickaxe":1,"minecraft:spruce_door":3,"minecraft:cooked_salmon":3,"minecraft:copper_ingot":19,"minecraft:bucket":1,"minecraft:birch_planks":4,"minecraft:stone_axe":5,"minecraft:air":0,"minecraft:blue_dye":2,"minecraft:oak_boat":1,"cobblemon:poke_ball":4,"minecraft:charcoal":8,"minecraft:stick":92,"minecraft:iron_ingot":18,"minecraft:iron_pickaxe":1,"minecraft:stone_sword":1,"minecraft:white_bed":2,"minecraft:torch":116},"minecraft:mined":{"minecraft:tuff":7,"minecraft:white_bed":5,"minecraft:dark_oak_leaves":7,"biomesoplenty:desert_grass":2,"minecraft:dark_oak_log":12,"minecraft:spruce_trapdoor":4,"minecraft:ladder":1,"minecraft:granite":4,"biomesoplenty:bush":1,"minecraft:grass_block":102,"minecraft:spruce_leaves":8,"minecraft:tall_seagrass":1,"minecraft:furnace":4,"minecraft:fire":1,"minecraft:andesite":18,"minecraft:stripped_spruce_log":7,"minecraft:peony":5,"minecraft:deepslate_iron_ore":14,"minecraft:spruce_wood":1,"minecraft:stone":126,"minecraft:spruce_slab":5,"minecraft:podzol":36,"minecraft:smoker":1,"biomesoplenty:wildflower":9,"minecraft:crafting_table":8,"cobblemon:apricorn_leaves":19,"minecraft:torch":5,"minecraft:calcite":213,"minecraft:rose_bush":3,"minecraft:copper_ore":9,"minecraft:cobblestone":10,"minecraft:lapis_ore":6,"minecraft:wall_torch":16,"minecraft:spruce_stairs":29,"minecraft:lilac":2,"minecraft:spruce_log":203,"minecraft:white_wall_banner":2,"minecraft:grass":32,"minecraft:coal_ore":83,"minecraft:oak_log":15,"minecraft:gravel":2,"minecraft:sand":12,"minecraft:dirt":12,"minecraft:oak_leaves":5,"minecraft:deepslate":71},"minecraft:custom":{"minecraft:mob_kills":80,"minecraft:interact_with_crafting_table":54,"minecraft:leave_game":1,"minecraft:time_since_death":4014,"minecraft:climb_one_cm":11109,"minecraft:sprint_one_cm":742325,"minecraft:walk_one_cm":638768,"minecraft:drop":161,"minecraft:play_time":242493,"minecraft:deaths":18,"minecraft:sneak_time":9091,"minecraft:walk_under_water_one_cm":23168,"minecraft:boat_one_cm":37493,"minecraft:jump":4417,"minecraft:interact_with_blast_furnace":17,"minecraft:walk_on_water_one_cm":19472,"minecraft:total_world_time":242493,"minecraft:interact_with_furnace":29,"minecraft:sleep_in_bed":13,"minecraft:time_since_rest":4043,"minecraft:damage_taken":6315,"minecraft:damage_dealt":13696,"minecraft:player_kills":1,"minecraft:swim_one_cm":103962,"minecraft:fly_one_cm":759960,"minecraft:open_chest":66,"minecraft:crouch_one_cm":28831,"minecraft:interact_with_smoker":35,"minecraft:fall_one_cm":113551,"minecraft:horse_one_cm":3562},"minecraft:killed_by":{"minecraft:zombie_villager":1,"minecraft:player":1,"minecraft:creeper":2,"minecraft:skeleton":3,"minecraft:zombie":5},"minecraft:picked_up":{"minecraft:crafting_table":8,"minecraft:chicken":9,"minecraft:ladder":3,"minecraft:clay_ball":1,"cobblemon:yellow_apricorn":38,"cobblemon:red_apricorn":18,"minecraft:golden_shovel":1,"minecraft:string":40,"minecraft:raw_copper":29,"minecraft:flint_and_steel":2,"cobblemon:white_apricorn":15,"minecraft:smooth_stone":3,"minecraft:cobbled_deepslate":71,"cobblemon:green_apricorn":4,"cobblemon:white_apricorn_seed":5,"minecraft:spruce_planks":125,"minecraft:beef":2,"minecraft:oak_boat":2,"cobblemon:oran_berry":398,"cobblemon:relic_coin":41,"minecraft:rose_bush":3,"minecraft:calcite":726,"minecraft:iron_nugget":1,"minecraft:iron_pickaxe":14,"minecraft:spruce_slab":12,"biomesoplenty:wildflower":21,"minecraft:birch_sapling":2,"minecraft:spruce_trapdoor":4,"minecraft:furnace":12,"minecraft:dark_oak_sapling":1,"minecraft:stick":41,"minecraft:raw_iron":26,"minecraft:copper_ingot":45,"minecraft:torch":241,"minecraft:spruce_stairs":54,"minecraft:spruce_fence":34,"minecraft:porkchop":3,"minecraft:golden_axe":2,"minecraft:dark_oak_planks":52,"minecraft:stone_sword":4,"cobblemon:ice_gem":1,"minecraft:arrow":103,"minecraft:rotten_flesh":81,"minecraft:peony":19,"minecraft:mutton":16,"cobblemon:blue_apricorn":14,"minecraft:white_wool":10,"minecraft:cobblestone":260,"minecraft:oxeye_daisy":1,"minecraft:birch_log":1,"minecraft:air":0,"minecraft:feather":3,"minecraft:salmon":3,"minecraft:water_bucket":2,"minecraft:andesite":18,"minecraft:brown_wool":2,"minecraft:leather":2,"minecraft:yellow_dye":1,"minecraft:smoker":5,"minecraft:birch_planks":81,"minecraft:tuff":7,"minecraft:oak_log":15,"minecraft:gunpowder":2,"minecraft:lapis_lazuli":82,"minecraft:dirt":256,"minecraft:white_banner":3,"minecraft:bone":98,"minecraft:bow":13,"minecraft:wheat_seeds":7,"cobblemon:black_apricorn":2,"minecraft:spruce_wood":1,"minecraft:iron_ingot":33,"minecraft:stone_pickaxe":4,"minecraft:cooked_chicken":11,"minecraft:rabbit":2,"cobblemon:chilan_berry":3,"cobblemon:red_apricorn_seed":4,"cobblemon:exp_candy_xs":2,"minecraft:cooked_porkchop":4,"cobblemon:black_belt":1,"minecraft:gravel":2,"cobblemon:premier_ball":1,"cobblemon:yellow_apricorn_seed":1,"minecraft:sand":12,"minecraft:stripped_spruce_log":8,"minecraft:spruce_sapling":1,"cobblemon:pink_apricorn":1,"minecraft:ink_sac":3,"minecraft:white_bed":6,"minecraft:spruce_log":329,"minecraft:spruce_door":25,"minecraft:dark_oak_log":18,"minecraft:spider_eye":19,"cobblemon:poke_ball":40,"minecraft:stone_axe":18,"minecraft:granite":4,"minecraft:bone_meal":64,"cobblemon_armor_sets:bag_squirtle":13,"minecraft:oak_sapling":1,"minecraft:coal":98,"minecraft:pink_dye":2},"minecraft:killed":{"minecraft:spider":7,"minecraft:skeleton":17,"cobblemon:pokemon":14,"minecraft:salmon":3,"minecraft:sheep":10,"minecraft:pillager":2,"minecraft:zombie":27},"minecraft:dropped":{"minecraft:iron_ingot":14,"minecraft:wheat_seeds":3,"minecraft:lapis_lazuli":41,"cobblemon:red_apricorn_seed":1,"minecraft:feather":2,"minecraft:cobblestone":14,"minecraft:copper_ingot":3,"cobblemon:chilan_berry":1,"minecraft:coal":15,"cobblemon:oran_berry":25,"minecraft:stick":3,"cobblemon:pink_apricorn":1,"minecraft:dirt":3,"minecraft:dark_oak_log":5,"minecraft:yellow_dye":1,"cobblemon:poke_ball":4,"minecraft:rose_bush":3,"minecraft:bone_meal":64,"minecraft:iron_pickaxe":1,"minecraft:dark_oak_planks":28,"minecraft:furnace":1,"minecraft:stone_axe":2,"minecraft:cooked_chicken":2,"minecraft:stone_sword":1,"minecraft:pink_dye":1,"minecraft:birch_sapling":2,"minecraft:chicken":2,"minecraft:rotten_flesh":13,"minecraft:clay_ball":1,"cobblemon:premier_ball":4,"minecraft:cooked_mutton":5,"minecraft:white_bed":1,"minecraft:flint_and_steel":1,"cobblemon:exp_candy_xs":1,"minecraft:spruce_planks":12,"minecraft:andesite":1,"minecraft:spruce_log":10,"minecraft:bow":1,"minecraft:arrow":3,"minecraft:calcite":77}},"DataVersion":3465}