{"stats":{"minecraft:broken":{"minecraft:stone_sword":1,"minecraft:stone_pickaxe":2,"minecraft:iron_axe":1,"minecraft:stone_axe":3,"minecraft:iron_pickaxe":1,"minecraft:bow":1},"minecraft:custom":{"minecraft:mob_kills":92,"minecraft:interact_with_crafting_table":70,"minecraft:leave_game":1,"minecraft:time_since_death":68194,"minecraft:climb_one_cm":23517,"minecraft:sprint_one_cm":910754,"minecraft:walk_one_cm":821549,"minecraft:damage_blocked_by_shield":55,"minecraft:drop":165,"minecraft:play_time":306673,"minecraft:deaths":18,"minecraft:sneak_time":9683,"minecraft:walk_under_water_one_cm":30071,"minecraft:boat_one_cm":37493,"minecraft:jump":5398,"minecraft:interact_with_blast_furnace":23,"minecraft:walk_on_water_one_cm":21920,"minecraft:total_world_time":306673,"minecraft:interact_with_furnace":35,"minecraft:sleep_in_bed":16,"minecraft:time_since_rest":59520,"minecraft:damage_taken":7110,"minecraft:damage_dealt":16261,"minecraft:player_kills":1,"minecraft:swim_one_cm":115980,"minecraft:fly_one_cm":914478,"minecraft:open_chest":89,"minecraft:crouch_one_cm":30550,"minecraft:interact_with_smoker":39,"minecraft:fall_one_cm":137248,"minecraft:horse_one_cm":3562},"minecraft:used":{"minecraft:peony":5,"minecraft:stone_sword":134,"minecraft:iron_shovel":107,"minecraft:flint_and_steel":3,"minecraft:spruce_slab":10,"minecraft:ladder":14,"minecraft:chest":4,"minecraft:spruce_planks":13,"minecraft:shield":3,"minecraft:cooked_salmon":3,"minecraft:cooked_chicken":7,"minecraft:rotten_flesh":5,"minecraft:spruce_leaves":17,"minecraft:torch":106,"minecraft:dirt":214,"minecraft:golden_shovel":126,"minecraft:spruce_stairs":132,"minecraft:tuff":7,"minecraft:granite":4,"minecraft:spruce_fence":30,"minecraft:stripped_spruce_log":49,"minecraft:dark_oak_planks":29,"minecraft:glass":12,"minecraft:iron_axe":270,"minecraft:bow":5,"minecraft:furnace":6,"minecraft:cooked_beef":5,"minecraft:stripped_spruce_wood":6,"minecraft:cobbled_deepslate":61,"minecraft:dark_oak_sapling":1,"minecraft:golden_axe":21,"minecraft:calcite":178,"minecraft:cooked_mutton":11,"minecraft:water_bucket":6,"minecraft:diorite":3,"minecraft:spruce_door":2,"minecraft:rabbit":1,"minecraft:oak_planks":20,"minecraft:stone_pickaxe":314,"minecraft:wooden_pickaxe":19,"minecraft:white_bed":8,"cobblemon:black_apricorn_seed":1,"minecraft:crafting_table":12,"megamons:anistarite_geode_block":6,"biomesoplenty:wildflower":1,"minecraft:spruce_log":184,"minecraft:shears":40,"minecraft:smoker":2,"minecraft:dark_oak_log":1,"minecraft:spruce_trapdoor":4,"minecraft:iron_pickaxe":710,"minecraft:bread":23,"minecraft:gravel":2,"minecraft:spruce_sapling":1,"minecraft:stone_axe":495,"minecraft:cobblestone":117,"minecraft:white_banner":3,"minecraft:cooked_porkchop":5,"minecraft:dark_oak_fence":12,"minecraft:andesite":17,"minecraft:bucket":8,"minecraft:smooth_stone_slab":6,"minecraft:oak_boat":2},"minecraft:picked_up":{"minecraft:spruce_leaves":39,"minecraft:crafting_table":11,"minecraft:chicken":9,"minecraft:ladder":5,"minecraft:clay_ball":1,"cobblemon:yellow_apricorn":38,"cobblemon:red_apricorn":40,"minecraft:golden_shovel":1,"minecraft:amethyst_block":2,"minecraft:string":40,"minecraft:raw_copper":155,"minecraft:flint_and_steel":2,"cobblemon:white_apricorn":21,"minecraft:smooth_stone":3,"minecraft:cobbled_deepslate":73,"cobblemon:green_apricorn":4,"cobblemon:white_apricorn_seed":5,"minecraft:spruce_planks":129,"minecraft:beef":5,"cobblemon:oran_berry":398,"minecraft:rose_bush":3,"minecraft:oak_boat":2,"cobblemon:relic_coin":41,"minecraft:calcite":745,"minecraft:iron_nugget":1,"minecraft:iron_pickaxe":14,"minecraft:spruce_slab":12,"biomesoplenty:wildflower":21,"minecraft:birch_sapling":2,"minecraft:spruce_trapdoor":4,"minecraft:furnace":12,"minecraft:dark_oak_sapling":2,"minecraft:raw_iron":78,"minecraft:stick":42,"minecraft:copper_ingot":45,"minecraft:torch":252,"minecraft:spruce_stairs":56,"minecraft:spruce_fence":34,"minecraft:porkchop":3,"minecraft:golden_axe":2,"minecraft:diorite":3,"minecraft:redstone":52,"minecraft:dark_oak_planks":68,"cobblemon:dawn_stone":1,"minecraft:stone_sword":4,"cobblemon:ice_gem":1,"minecraft:arrow":107,"minecraft:rotten_flesh":83,"minecraft:peony":20,"minecraft:hay_block":16,"minecraft:mutton":16,"cobblemon:blue_apricorn":17,"minecraft:white_wool":10,"minecraft:cobblestone":507,"minecraft:oxeye_daisy":1,"minecraft:birch_log":1,"minecraft:air":0,"minecraft:feather":3,"minecraft:andesite":20,"minecraft:water_bucket":2,"minecraft:salmon":3,"minecraft:leather":2,"minecraft:brown_wool":2,"minecraft:yellow_dye":1,"minecraft:smoker":5,"minecraft:birch_planks":81,"minecraft:tuff":8,"minecraft:oak_log":15,"minecraft:gunpowder":2,"minecraft:lapis_lazuli":103,"megamons:anistarite_geode_block":54,"minecraft:dirt":366,"minecraft:white_banner":3,"minecraft:bone":101,"minecraft:bow":14,"minecraft:wheat_seeds":7,"cobblemon:black_apricorn":17,"minecraft:raw_gold":9,"minecraft:spruce_wood":1,"minecraft:stone_pickaxe":4,"minecraft:iron_ingot":46,"minecraft:cooked_chicken":11,"minecraft:rabbit":2,"cobblemon:moon_stone":1,"cobblemon:chilan_berry":3,"cobblemon:red_apricorn_seed":10,"cobblemon:exp_candy_xs":2,"minecraft:cooked_porkchop":4,"cobblemon:black_apricorn_seed":1,"cobblemon:black_belt":1,"cobblemon:shiny_stone":1,"minecraft:gravel":2,"cobblemon:premier_ball":1,"minecraft:sand":12,"cobblemon:yellow_apricorn_seed":1,"minecraft:amethyst_shard":4,"minecraft:ink_sac":3,"minecraft:stripped_spruce_log":65,"minecraft:spruce_sapling":1,"cobblemon:pink_apricorn":1,"minecraft:white_bed":8,"minecraft:spruce_log":402,"minecraft:spider_eye":19,"minecraft:dark_oak_log":37,"minecraft:spruce_door":25,"megamons:anistarite_rough_geode_block":6,"minecraft:slime_ball":2,"minecraft:stone_axe":18,"cobblemon:poke_ball":40,"minecraft:granite":13,"minecraft:bone_meal":64,"cobblemon_armor_sets:bag_squirtle":13,"minecraft:oak_sapling":1,"minecraft:coal":104,"minecraft:pink_dye":2},"minecraft:killed_by":{"minecraft:zombie_villager":1,"minecraft:player":1,"minecraft:creeper":2,"minecraft:skeleton":3,"minecraft:zombie":5},"minecraft:crafted":{"minecraft:oak_planks":28,"minecraft:smooth_stone_slab":6,"minecraft:cooked_chicken":7,"minecraft:furnace":3,"minecraft:stone":2,"cobblemon:premier_ball":8,"minecraft:spruce_fence":30,"minecraft:cooked_mutton":16,"minecraft:glass":12,"minecraft:spruce_stairs":108,"minecraft:dark_oak_fence":12,"minecraft:iron_axe":2,"minecraft:ladder":18,"minecraft:spruce_slab":6,"minecraft:stone_pickaxe":3,"minecraft:chest":4,"minecraft:dark_oak_planks":120,"minecraft:magenta_dye":1,"minecraft:wheat":144,"minecraft:cooked_beef":8,"minecraft:stripped_spruce_wood":6,"minecraft:cooked_porkchop":3,"minecraft:crafting_table":5,"minecraft:spruce_planks":296,"minecraft:wooden_pickaxe":1,"minecraft:spruce_door":3,"minecraft:cooked_salmon":3,"minecraft:copper_ingot":19,"minecraft:bucket":2,"minecraft:birch_planks":4,"minecraft:stone_axe":5,"minecraft:bread":48,"minecraft:air":0,"minecraft:blue_dye":2,"minecraft:oak_boat":1,"cobblemon:poke_ball":4,"minecraft:charcoal":8,"minecraft:shield":1,"minecraft:stick":140,"minecraft:iron_ingot":70,"minecraft:iron_pickaxe":4,"minecraft:stone_sword":1,"minecraft:iron_shovel":1,"minecraft:gold_ingot":9,"minecraft:white_bed":2,"minecraft:torch":140,"cobblemon:ultra_ball":28,"cobblemon:great_ball":32,"minecraft:shears":1},"minecraft:killed":{"minecraft:spider":7,"minecraft:slime":2,"minecraft:skeleton":20,"cobblemon:pokemon":15,"minecraft:salmon":3,"minecraft:sheep":10,"minecraft:pillager":2,"minecraft:zombie":32},"minecraft:mined":{"minecraft:dark_oak_planks":16,"minecraft:large_amethyst_bud":1,"minecraft:tuff":8,"minecraft:spruce_planks":4,"minecraft:white_bed":7,"minecraft:dark_oak_leaves":8,"biomesoplenty:desert_grass":2,"minecraft:dark_oak_log":31,"megamons:crystal_shiny_stone_ore":1,"minecraft:spruce_trapdoor":4,"minecraft:ladder":3,"minecraft:granite":13,"biomesoplenty:bush":1,"minecraft:grass_block":102,"minecraft:spruce_leaves":56,"minecraft:tall_seagrass":1,"minecraft:redstone_ore":7,"minecraft:furnace":4,"minecraft:iron_ore":33,"minecraft:fire":1,"minecraft:andesite":19,"minecraft:stripped_spruce_log":64,"minecraft:deepslate_lapis_ore":3,"minecraft:peony":6,"minecraft:deepslate_iron_ore":33,"minecraft:spruce_wood":1,"minecraft:stone":352,"minecraft:spruce_slab":5,"minecraft:podzol":36,"megamons:anistarite_rough_geode_block":6,"minecraft:deepslate_redstone_ore":5,"megamons:anistarite_geode_block":54,"minecraft:medium_amethyst_bud":1,"minecraft:smoker":1,"biomesoplenty:wildflower":9,"minecraft:amethyst_cluster":1,"minecraft:crafting_table":11,"cobblemon:apricorn_leaves":19,"minecraft:torch":7,"minecraft:calcite":232,"minecraft:rose_bush":3,"minecraft:copper_ore":31,"minecraft:cobblestone":31,"minecraft:deepslate_gold_ore":5,"megamons:crystal_moon_stone_ore":1,"minecraft:lapis_ore":6,"minecraft:wall_torch":20,"minecraft:amethyst_block":2,"minecraft:deepslate_copper_ore":13,"minecraft:spruce_stairs":31,"minecraft:lilac":2,"minecraft:spruce_log":276,"minecraft:white_wall_banner":2,"minecraft:grass":32,"megamons:crystal_dawn_stone_ore":1,"minecraft:coal_ore":89,"minecraft:oak_log":15,"minecraft:gravel":2,"minecraft:sand":12,"minecraft:dirt":122,"biomesoplenty:stringy_cobweb":1,"minecraft:gold_ore":4,"minecraft:oak_leaves":6,"minecraft:deepslate":73},"minecraft:dropped":{"minecraft:iron_ingot":14,"minecraft:wheat_seeds":3,"minecraft:lapis_lazuli":41,"cobblemon:red_apricorn_seed":7,"minecraft:feather":2,"minecraft:cobblestone":14,"minecraft:copper_ingot":3,"cobblemon:chilan_berry":1,"minecraft:coal":15,"cobblemon:oran_berry":25,"minecraft:stick":3,"cobblemon:pink_apricorn":1,"minecraft:dirt":3,"minecraft:dark_oak_log":5,"minecraft:yellow_dye":1,"cobblemon:poke_ball":4,"minecraft:rose_bush":3,"minecraft:bone_meal":64,"minecraft:iron_pickaxe":1,"minecraft:dark_oak_planks":28,"minecraft:furnace":1,"minecraft:stone_axe":2,"minecraft:cooked_chicken":2,"minecraft:stone_sword":1,"minecraft:pink_dye":1,"minecraft:tuff":1,"minecraft:birch_sapling":2,"minecraft:chicken":2,"minecraft:rotten_flesh":13,"minecraft:clay_ball":1,"cobblemon:premier_ball":4,"minecraft:cooked_mutton":5,"minecraft:white_bed":1,"minecraft:flint_and_steel":1,"cobblemon:exp_candy_xs":1,"minecraft:spruce_planks":12,"minecraft:andesite":3,"minecraft:spruce_log":10,"minecraft:bow":1,"minecraft:arrow":3,"minecraft:calcite":77}},"DataVersion":3465}