{"stats":{"minecraft:killed_by":{"minecraft:creeper":2,"minecraft:skeleton":2,"minecraft:zombie":3},"minecraft:used":{"minecraft:peony":4,"minecraft:stone_sword":134,"minecraft:flint_and_steel":3,"minecraft:spruce_slab":10,"minecraft:ladder":1,"minecraft:chest":2,"minecraft:spruce_planks":6,"minecraft:cooked_salmon":3,"minecraft:cooked_chicken":7,"minecraft:rotten_flesh":5,"minecraft:torch":61,"minecraft:dirt":181,"minecraft:tuff":7,"minecraft:granite":4,"minecraft:spruce_stairs":29,"minecraft:spruce_fence":10,"minecraft:golden_shovel":126,"minecraft:glass":3,"minecraft:furnace":6,"minecraft:cooked_beef":5,"minecraft:cobbled_deepslate":60,"minecraft:golden_axe":21,"minecraft:calcite":132,"minecraft:cooked_mutton":11,"minecraft:water_bucket":5,"minecraft:spruce_door":2,"minecraft:rabbit":1,"minecraft:oak_planks":20,"minecraft:stone_pickaxe":314,"minecraft:wooden_pickaxe":19,"minecraft:crafting_table":10,"minecraft:white_bed":6,"biomesoplenty:wildflower":1,"minecraft:spruce_log":104,"minecraft:smoker":2,"minecraft:dark_oak_log":1,"minecraft:iron_pickaxe":198,"minecraft:spruce_trapdoor":4,"minecraft:gravel":2,"minecraft:stone_axe":359,"minecraft:cobblestone":67,"minecraft:white_banner":3,"minecraft:cooked_porkchop":5,"minecraft:dark_oak_fence":12,"minecraft:andesite":17,"minecraft:bucket":6,"minecraft:smooth_stone_slab":6,"minecraft:oak_boat":2},"minecraft:dropped":{"minecraft:iron_ingot":14,"minecraft:wheat_seeds":3,"minecraft:lapis_lazuli":41,"cobblemon:red_apricorn_seed":1,"minecraft:feather":2,"minecraft:cobblestone":14,"minecraft:copper_ingot":3,"cobblemon:chilan_berry":1,"minecraft:coal":15,"minecraft:stick":3,"cobblemon:pink_apricorn":1,"minecraft:dirt":3,"minecraft:dark_oak_log":5,"minecraft:yellow_dye":1,"cobblemon:poke_ball":4,"minecraft:rose_bush":3,"minecraft:iron_pickaxe":1,"minecraft:dark_oak_planks":28,"minecraft:furnace":1,"minecraft:stone_axe":1,"minecraft:cooked_chicken":2,"minecraft:stone_sword":1,"minecraft:pink_dye":1,"minecraft:birch_sapling":2,"minecraft:chicken":2,"minecraft:rotten_flesh":13,"minecraft:clay_ball":1,"cobblemon:premier_ball":4,"minecraft:cooked_mutton":5,"minecraft:white_bed":1,"minecraft:flint_and_steel":1,"cobblemon:exp_candy_xs":1,"minecraft:spruce_planks":12,"minecraft:andesite":1,"minecraft:spruce_log":10,"minecraft:bow":1,"minecraft:arrow":3,"minecraft:calcite":77},"minecraft:killed":{"minecraft:spider":5,"minecraft:skeleton":16,"cobblemon:pokemon":14,"minecraft:salmon":3,"minecraft:sheep":10,"minecraft:pillager":2,"minecraft:zombie":20},"minecraft:picked_up":{"minecraft:crafting_table":8,"minecraft:chicken":9,"minecraft:ladder":1,"minecraft:clay_ball":1,"cobblemon:yellow_apricorn":26,"cobblemon:red_apricorn":18,"minecraft:golden_shovel":1,"minecraft:string":10,"minecraft:raw_copper":29,"minecraft:flint_and_steel":2,"cobblemon:white_apricorn":15,"minecraft:cobbled_deepslate":71,"minecraft:smooth_stone":3,"cobblemon:green_apricorn":4,"cobblemon:white_apricorn_seed":5,"minecraft:spruce_planks":53,"minecraft:beef":2,"minecraft:oak_boat":2,"cobblemon:oran_berry":298,"cobblemon:relic_coin":41,"minecraft:rose_bush":3,"minecraft:calcite":428,"minecraft:iron_nugget":1,"minecraft:iron_pickaxe":8,"minecraft:spruce_slab":11,"biomesoplenty:wildflower":21,"minecraft:birch_sapling":2,"minecraft:spruce_trapdoor":4,"minecraft:furnace":12,"minecraft:dark_oak_sapling":1,"minecraft:stick":28,"minecraft:raw_iron":26,"minecraft:copper_ingot":27,"minecraft:torch":175,"minecraft:spruce_stairs":13,"minecraft:spruce_fence":30,"minecraft:porkchop":3,"minecraft:golden_axe":2,"minecraft:dark_oak_planks":52,"minecraft:stone_sword":4,"cobblemon:ice_gem":1,"minecraft:arrow":52,"minecraft:rotten_flesh":42,"minecraft:peony":9,"minecraft:mutton":16,"cobblemon:blue_apricorn":14,"minecraft:oxeye_daisy":1,"minecraft:white_wool":10,"minecraft:cobblestone":233,"minecraft:birch_log":1,"minecraft:air":0,"minecraft:feather":3,"minecraft:andesite":18,"minecraft:water_bucket":2,"minecraft:salmon":3,"minecraft:brown_wool":2,"minecraft:leather":2,"minecraft:yellow_dye":1,"minecraft:smoker":5,"minecraft:tuff":7,"minecraft:oak_log":15,"minecraft:lapis_lazuli":82,"minecraft:dirt":208,"minecraft:white_banner":3,"minecraft:bone":44,"minecraft:bow":8,"minecraft:wheat_seeds":7,"cobblemon:black_apricorn":2,"minecraft:spruce_wood":1,"minecraft:iron_ingot":22,"minecraft:stone_pickaxe":4,"minecraft:cooked_chicken":11,"minecraft:rabbit":2,"cobblemon:chilan_berry":3,"cobblemon:red_apricorn_seed":4,"cobblemon:exp_candy_xs":2,"minecraft:cooked_porkchop":4,"cobblemon:black_belt":1,"minecraft:gravel":2,"cobblemon:premier_ball":1,"cobblemon:yellow_apricorn_seed":1,"minecraft:sand":3,"minecraft:stripped_spruce_log":5,"cobblemon:pink_apricorn":1,"minecraft:ink_sac":3,"minecraft:white_bed":6,"minecraft:spruce_log":176,"minecraft:spruce_door":13,"minecraft:dark_oak_log":18,"minecraft:spider_eye":7,"cobblemon:poke_ball":28,"minecraft:stone_axe":9,"minecraft:granite":4,"cobblemon_armor_sets:bag_squirtle":7,"minecraft:coal":98,"minecraft:pink_dye":2},"minecraft:broken":{"minecraft:stone_sword":1,"minecraft:stone_pickaxe":2,"minecraft:stone_axe":2},"minecraft:custom":{"minecraft:mob_kills":70,"minecraft:interact_with_crafting_table":45,"minecraft:leave_game":1,"minecraft:time_since_death":13214,"minecraft:climb_one_cm":5795,"minecraft:sprint_one_cm":587060,"minecraft:walk_one_cm":508818,"minecraft:drop":95,"minecraft:play_time":201083,"minecraft:deaths":12,"minecraft:sneak_time":4209,"minecraft:walk_under_water_one_cm":21792,"minecraft:boat_one_cm":37493,"minecraft:jump":3772,"minecraft:interact_with_blast_furnace":15,"minecraft:walk_on_water_one_cm":18443,"minecraft:total_world_time":201083,"minecraft:interact_with_furnace":26,"minecraft:sleep_in_bed":12,"minecraft:time_since_rest":13239,"minecraft:damage_taken":4860,"minecraft:damage_dealt":11422,"minecraft:swim_one_cm":102003,"minecraft:fly_one_cm":663587,"minecraft:open_chest":65,"minecraft:crouch_one_cm":12447,"minecraft:interact_with_smoker":33,"minecraft:fall_one_cm":98340,"minecraft:horse_one_cm":3562},"minecraft:crafted":{"minecraft:oak_planks":28,"minecraft:smooth_stone_slab":6,"minecraft:cooked_chicken":7,"minecraft:furnace":3,"minecraft:spruce_fence":15,"cobblemon:premier_ball":8,"minecraft:cooked_mutton":16,"minecraft:glass":3,"minecraft:spruce_stairs":28,"minecraft:dark_oak_fence":12,"minecraft:spruce_slab":6,"minecraft:stone_pickaxe":3,"minecraft:chest":2,"minecraft:dark_oak_planks":48,"minecraft:magenta_dye":1,"minecraft:cooked_beef":5,"minecraft:cooked_porkchop":3,"minecraft:crafting_table":4,"minecraft:spruce_planks":128,"minecraft:wooden_pickaxe":1,"minecraft:spruce_door":3,"minecraft:cooked_salmon":3,"minecraft:copper_ingot":19,"minecraft:bucket":1,"minecraft:birch_planks":4,"minecraft:stone_axe":4,"minecraft:air":0,"minecraft:blue_dye":2,"minecraft:oak_boat":1,"cobblemon:poke_ball":4,"minecraft:charcoal":8,"minecraft:stick":68,"minecraft:iron_ingot":17,"minecraft:iron_pickaxe":1,"minecraft:stone_sword":1,"minecraft:white_bed":2,"minecraft:torch":116},"minecraft:mined":{"minecraft:tuff":7,"minecraft:white_bed":5,"minecraft:dark_oak_leaves":7,"biomesoplenty:desert_grass":2,"minecraft:dark_oak_log":12,"minecraft:spruce_trapdoor":4,"minecraft:ladder":1,"minecraft:granite":4,"biomesoplenty:bush":1,"minecraft:grass_block":94,"minecraft:spruce_leaves":4,"minecraft:tall_seagrass":1,"minecraft:furnace":4,"minecraft:fire":1,"minecraft:andesite":18,"minecraft:stripped_spruce_log":5,"minecraft:peony":5,"minecraft:deepslate_iron_ore":14,"minecraft:spruce_wood":1,"minecraft:stone":126,"minecraft:spruce_slab":5,"minecraft:podzol":36,"minecraft:smoker":1,"biomesoplenty:wildflower":9,"minecraft:crafting_table":8,"cobblemon:apricorn_leaves":19,"minecraft:torch":5,"minecraft:calcite":171,"minecraft:rose_bush":3,"minecraft:copper_ore":9,"minecraft:cobblestone":10,"minecraft:lapis_ore":6,"minecraft:wall_torch":16,"minecraft:spruce_stairs":5,"minecraft:lilac":2,"minecraft:spruce_log":156,"minecraft:white_wall_banner":2,"minecraft:grass":32,"minecraft:oak_log":15,"minecraft:coal_ore":83,"minecraft:gravel":2,"minecraft:sand":3,"minecraft:dirt":8,"minecraft:oak_leaves":5,"minecraft:deepslate":71}},"DataVersion":3465}