{"stats":{"minecraft:dropped":{"minecraft:birch_sapling":2,"minecraft:chicken":2,"minecraft:cooked_mutton":3,"minecraft:white_bed":1,"minecraft:flint_and_steel":1,"minecraft:stick":1,"cobblemon:pink_apricorn":1,"cobblemon:exp_candy_xs":1,"minecraft:dark_oak_log":5,"minecraft:yellow_dye":1,"minecraft:andesite":1,"minecraft:rose_bush":3,"minecraft:arrow":1,"minecraft:dark_oak_planks":28},"minecraft:crafted":{"minecraft:cooked_beef":3,"minecraft:oak_planks":28,"minecraft:cooked_porkchop":2,"minecraft:crafting_table":2,"minecraft:spruce_planks":32,"minecraft:wooden_pickaxe":1,"minecraft:cooked_chicken":1,"minecraft:furnace":2,"minecraft:cooked_salmon":3,"minecraft:birch_planks":4,"minecraft:stone_axe":1,"minecraft:cooked_mutton":11,"minecraft:air":0,"minecraft:oak_boat":1,"minecraft:charcoal":8,"minecraft:stick":16,"minecraft:stone_pickaxe":2,"minecraft:chest":2,"minecraft:white_bed":2,"minecraft:dark_oak_planks":48,"minecraft:torch":16},"minecraft:used":{"minecraft:cooked_mutton":8,"minecraft:flint_and_steel":3,"minecraft:oak_planks":20,"minecraft:stone_pickaxe":171,"minecraft:ladder":1,"minecraft:chest":2,"minecraft:wooden_pickaxe":8,"minecraft:cooked_salmon":1,"minecraft:torch":11,"minecraft:dirt":13,"minecraft:crafting_table":8,"minecraft:white_bed":5,"minecraft:golden_shovel":1,"minecraft:smoker":1,"minecraft:stone_axe":66,"minecraft:cobblestone":9,"minecraft:furnace":4,"minecraft:cooked_porkchop":2,"minecraft:oak_boat":2,"minecraft:cooked_beef":3},"minecraft:custom":{"minecraft:interact_with_furnace":12,"minecraft:mob_kills":18,"minecraft:interact_with_crafting_table":11,"minecraft:time_since_death":61842,"minecraft:sleep_in_bed":4,"minecraft:climb_one_cm":2190,"minecraft:time_since_rest":11574,"minecraft:sprint_one_cm":175887,"minecraft:damage_taken":960,"minecraft:walk_one_cm":135779,"minecraft:drop":45,"minecraft:damage_dealt":1914,"minecraft:swim_one_cm":26455,"minecraft:fly_one_cm":177909,"minecraft:open_chest":5,"minecraft:crouch_one_cm":1754,"minecraft:play_time":61842,"minecraft:sneak_time":685,"minecraft:walk_under_water_one_cm":5064,"minecraft:boat_one_cm":37493,"minecraft:jump":1083,"minecraft:walk_on_water_one_cm":3460,"minecraft:total_world_time":61842,"minecraft:interact_with_smoker":14,"minecraft:fall_one_cm":31810,"minecraft:horse_one_cm":3562},"minecraft:mined":{"minecraft:white_bed":5,"minecraft:dark_oak_leaves":7,"minecraft:smoker":1,"biomesoplenty:wildflower":1,"minecraft:dark_oak_log":11,"minecraft:granite":4,"minecraft:crafting_table":6,"cobblemon:apricorn_leaves":19,"minecraft:ladder":1,"minecraft:rose_bush":3,"minecraft:tall_seagrass":1,"minecraft:furnace":2,"minecraft:fire":1,"minecraft:lilac":2,"minecraft:spruce_log":8,"minecraft:andesite":12,"minecraft:grass":4,"minecraft:oak_log":15,"minecraft:coal_ore":83,"minecraft:gravel":2,"minecraft:stone":75},"minecraft:picked_up":{"minecraft:birch_log":1,"minecraft:crafting_table":6,"minecraft:feather":1,"minecraft:chicken":5,"minecraft:ladder":1,"minecraft:andesite":12,"minecraft:salmon":3,"cobblemon:yellow_apricorn":9,"minecraft:brown_wool":1,"minecraft:yellow_dye":1,"minecraft:smoker":1,"minecraft:oak_log":15,"minecraft:dirt":13,"cobblemon:white_apricorn":6,"minecraft:bone":1,"cobblemon:black_apricorn":2,"cobblemon:green_apricorn":1,"cobblemon:white_apricorn_seed":1,"minecraft:oak_boat":2,"minecraft:rose_bush":3,"minecraft:iron_nugget":1,"biomesoplenty:wildflower":1,"minecraft:birch_sapling":2,"minecraft:furnace":2,"minecraft:dark_oak_sapling":1,"minecraft:stick":1,"minecraft:gravel":2,"minecraft:porkchop":2,"cobblemon:yellow_apricorn_seed":1,"cobblemon:pink_apricorn":1,"minecraft:white_bed":4,"minecraft:spruce_log":8,"minecraft:dark_oak_log":17,"minecraft:arrow":3,"minecraft:granite":4,"minecraft:mutton":16,"minecraft:coal":83,"minecraft:white_wool":10,"minecraft:cobblestone":74},"minecraft:killed":{"cobblemon:pokemon":3,"minecraft:salmon":3,"minecraft:sheep":10,"minecraft:skeleton":2}},"DataVersion":3465}