{"stats":{"minecraft:dropped":{"minecraft:iron_ingot":14,"minecraft:wheat_seeds":3,"minecraft:lapis_lazuli":41,"cobblemon:red_apricorn_seed":1,"minecraft:feather":2,"minecraft:cobblestone":14,"minecraft:copper_ingot":3,"cobblemon:chilan_berry":1,"minecraft:coal":15,"minecraft:stick":3,"cobblemon:pink_apricorn":1,"minecraft:dirt":3,"minecraft:dark_oak_log":5,"minecraft:yellow_dye":1,"cobblemon:poke_ball":4,"minecraft:rose_bush":3,"minecraft:iron_pickaxe":1,"minecraft:dark_oak_planks":28,"minecraft:furnace":1,"minecraft:stone_axe":1,"minecraft:cooked_chicken":2,"minecraft:stone_sword":1,"minecraft:pink_dye":1,"minecraft:birch_sapling":2,"minecraft:chicken":2,"minecraft:rotten_flesh":13,"minecraft:clay_ball":1,"cobblemon:premier_ball":4,"minecraft:cooked_mutton":5,"minecraft:white_bed":1,"minecraft:flint_and_steel":1,"cobblemon:exp_candy_xs":1,"minecraft:spruce_planks":12,"minecraft:andesite":1,"minecraft:spruce_log":10,"minecraft:bow":1,"minecraft:arrow":3,"minecraft:calcite":77},"minecraft:crafted":{"minecraft:oak_planks":28,"minecraft:smooth_stone_slab":6,"minecraft:cooked_chicken":7,"minecraft:furnace":3,"minecraft:spruce_fence":15,"cobblemon:premier_ball":8,"minecraft:cooked_mutton":16,"minecraft:glass":3,"minecraft:spruce_stairs":28,"minecraft:dark_oak_fence":12,"minecraft:spruce_slab":6,"minecraft:stone_pickaxe":3,"minecraft:chest":2,"minecraft:dark_oak_planks":48,"minecraft:magenta_dye":1,"minecraft:cooked_beef":5,"minecraft:cooked_porkchop":2,"minecraft:crafting_table":4,"minecraft:spruce_planks":128,"minecraft:wooden_pickaxe":1,"minecraft:spruce_door":3,"minecraft:cooked_salmon":3,"minecraft:copper_ingot":19,"minecraft:bucket":1,"minecraft:birch_planks":4,"minecraft:stone_axe":2,"minecraft:air":0,"minecraft:blue_dye":2,"minecraft:oak_boat":1,"cobblemon:poke_ball":4,"minecraft:charcoal":8,"minecraft:stick":64,"minecraft:iron_ingot":17,"minecraft:iron_pickaxe":1,"minecraft:stone_sword":1,"minecraft:white_bed":2,"minecraft:torch":116},"minecraft:used":{"minecraft:peony":4,"minecraft:stone_sword":103,"minecraft:flint_and_steel":3,"minecraft:spruce_slab":10,"minecraft:ladder":1,"minecraft:chest":2,"minecraft:spruce_planks":5,"minecraft:cooked_salmon":3,"minecraft:cooked_chicken":7,"minecraft:rotten_flesh":3,"minecraft:torch":57,"minecraft:dirt":170,"minecraft:tuff":7,"minecraft:granite":4,"minecraft:spruce_stairs":29,"minecraft:spruce_fence":10,"minecraft:golden_shovel":126,"minecraft:glass":3,"minecraft:furnace":6,"minecraft:cooked_beef":5,"minecraft:cobbled_deepslate":60,"minecraft:golden_axe":21,"minecraft:calcite":56,"minecraft:cooked_mutton":11,"minecraft:water_bucket":5,"minecraft:spruce_door":1,"minecraft:rabbit":1,"minecraft:oak_planks":20,"minecraft:stone_pickaxe":314,"minecraft:wooden_pickaxe":19,"minecraft:crafting_table":10,"minecraft:white_bed":6,"biomesoplenty:wildflower":1,"minecraft:spruce_log":52,"minecraft:smoker":2,"minecraft:dark_oak_log":1,"minecraft:iron_pickaxe":107,"minecraft:spruce_trapdoor":4,"minecraft:gravel":2,"minecraft:stone_axe":215,"minecraft:cobblestone":60,"minecraft:white_banner":3,"minecraft:cooked_porkchop":4,"minecraft:dark_oak_fence":12,"minecraft:andesite":17,"minecraft:bucket":6,"minecraft:smooth_stone_slab":6,"minecraft:oak_boat":2},"minecraft:broken":{"minecraft:stone_pickaxe":2,"minecraft:stone_axe":1},"minecraft:custom":{"minecraft:mob_kills":53,"minecraft:interact_with_crafting_table":42,"minecraft:time_since_death":32096,"minecraft:climb_one_cm":5795,"minecraft:sprint_one_cm":494835,"minecraft:walk_one_cm":417718,"minecraft:drop":95,"minecraft:play_time":171375,"minecraft:deaths":6,"minecraft:sneak_time":3540,"minecraft:walk_under_water_one_cm":21404,"minecraft:boat_one_cm":37493,"minecraft:jump":3244,"minecraft:interact_with_blast_furnace":14,"minecraft:walk_on_water_one_cm":18095,"minecraft:total_world_time":171375,"minecraft:interact_with_furnace":25,"minecraft:sleep_in_bed":11,"minecraft:time_since_rest":32125,"minecraft:damage_taken":3320,"minecraft:damage_dealt":8665,"minecraft:swim_one_cm":101344,"minecraft:fly_one_cm":588231,"minecraft:open_chest":59,"minecraft:crouch_one_cm":8524,"minecraft:interact_with_smoker":29,"minecraft:fall_one_cm":87893,"minecraft:horse_one_cm":3562},"minecraft:mined":{"minecraft:tuff":7,"minecraft:white_bed":5,"minecraft:dark_oak_leaves":7,"biomesoplenty:desert_grass":2,"minecraft:dark_oak_log":12,"minecraft:spruce_trapdoor":4,"minecraft:ladder":1,"minecraft:granite":4,"biomesoplenty:bush":1,"minecraft:grass_block":87,"minecraft:spruce_leaves":1,"minecraft:tall_seagrass":1,"minecraft:furnace":4,"minecraft:fire":1,"minecraft:andesite":18,"minecraft:stripped_spruce_log":5,"minecraft:peony":4,"minecraft:deepslate_iron_ore":14,"minecraft:spruce_wood":1,"minecraft:stone":126,"minecraft:spruce_slab":5,"minecraft:podzol":36,"minecraft:smoker":1,"biomesoplenty:wildflower":9,"minecraft:crafting_table":8,"cobblemon:apricorn_leaves":19,"minecraft:torch":5,"minecraft:calcite":87,"minecraft:rose_bush":3,"minecraft:copper_ore":9,"minecraft:cobblestone":3,"minecraft:lapis_ore":6,"minecraft:wall_torch":16,"minecraft:spruce_stairs":5,"minecraft:lilac":2,"minecraft:spruce_log":79,"minecraft:white_wall_banner":2,"minecraft:grass":32,"minecraft:oak_log":15,"minecraft:coal_ore":83,"minecraft:gravel":2,"minecraft:sand":3,"minecraft:dirt":6,"minecraft:oak_leaves":5,"minecraft:deepslate":71},"minecraft:killed_by":{"minecraft:creeper":2,"minecraft:zombie":1},"minecraft:picked_up":{"minecraft:crafting_table":8,"minecraft:chicken":9,"minecraft:ladder":1,"minecraft:clay_ball":1,"cobblemon:yellow_apricorn":14,"cobblemon:red_apricorn":18,"minecraft:golden_shovel":1,"minecraft:raw_copper":29,"minecraft:flint_and_steel":2,"cobblemon:white_apricorn":15,"minecraft:cobbled_deepslate":71,"minecraft:smooth_stone":3,"cobblemon:green_apricorn":4,"cobblemon:white_apricorn_seed":5,"minecraft:spruce_planks":53,"minecraft:beef":2,"minecraft:oak_boat":2,"cobblemon:oran_berry":148,"cobblemon:relic_coin":41,"minecraft:rose_bush":3,"minecraft:calcite":164,"minecraft:iron_nugget":1,"minecraft:iron_pickaxe":2,"minecraft:spruce_slab":5,"biomesoplenty:wildflower":21,"minecraft:birch_sapling":2,"minecraft:spruce_trapdoor":4,"minecraft:furnace":9,"minecraft:dark_oak_sapling":1,"minecraft:stick":10,"minecraft:raw_iron":19,"minecraft:copper_ingot":9,"minecraft:torch":93,"minecraft:spruce_stairs":5,"minecraft:porkchop":3,"minecraft:golden_axe":2,"minecraft:dark_oak_planks":52,"minecraft:stone_sword":2,"cobblemon:ice_gem":1,"minecraft:arrow":18,"minecraft:rotten_flesh":18,"minecraft:peony":8,"minecraft:mutton":16,"cobblemon:blue_apricorn":14,"minecraft:oxeye_daisy":1,"minecraft:white_wool":10,"minecraft:cobblestone":186,"minecraft:birch_log":1,"minecraft:air":0,"minecraft:feather":3,"minecraft:andesite":18,"minecraft:water_bucket":2,"minecraft:salmon":3,"minecraft:brown_wool":2,"minecraft:leather":2,"minecraft:yellow_dye":1,"minecraft:smoker":5,"minecraft:tuff":7,"minecraft:oak_log":15,"minecraft:lapis_lazuli":82,"minecraft:dirt":200,"minecraft:white_banner":3,"minecraft:bone":22,"minecraft:bow":3,"minecraft:wheat_seeds":7,"cobblemon:black_apricorn":2,"minecraft:spruce_wood":1,"minecraft:iron_ingot":10,"minecraft:stone_pickaxe":4,"minecraft:cooked_chicken":11,"minecraft:rabbit":2,"cobblemon:chilan_berry":3,"cobblemon:red_apricorn_seed":4,"cobblemon:exp_candy_xs":2,"minecraft:cooked_porkchop":4,"cobblemon:black_belt":1,"minecraft:gravel":2,"minecraft:sand":3,"cobblemon:premier_ball":1,"cobblemon:yellow_apricorn_seed":1,"minecraft:stripped_spruce_log":5,"cobblemon:pink_apricorn":1,"minecraft:ink_sac":3,"minecraft:white_bed":6,"minecraft:spruce_log":88,"minecraft:spruce_door":1,"minecraft:dark_oak_log":18,"minecraft:spider_eye":2,"cobblemon:poke_ball":16,"minecraft:stone_axe":3,"minecraft:granite":4,"cobblemon_armor_sets:bag_squirtle":1,"minecraft:coal":98,"minecraft:pink_dye":2},"minecraft:killed":{"minecraft:spider":2,"minecraft:skeleton":10,"cobblemon:pokemon":13,"minecraft:salmon":3,"minecraft:sheep":10,"minecraft:pillager":2,"minecraft:zombie":13}},"DataVersion":3465}