{"stats":{"minecraft:dropped":{"minecraft:white_bed":1,"minecraft:flint_and_steel":1},"minecraft:crafted":{"minecraft:cooked_beef":3,"minecraft:cooked_porkchop":2,"minecraft:crafting_table":1,"minecraft:stick":8,"minecraft:wooden_pickaxe":1,"minecraft:stone_pickaxe":1,"minecraft:furnace":2,"minecraft:white_bed":2,"minecraft:dark_oak_planks":20,"minecraft:birch_planks":4,"minecraft:stone_axe":1,"minecraft:cooked_mutton":3,"minecraft:air":0},"minecraft:used":{"minecraft:flint_and_steel":3,"minecraft:stone_pickaxe":41,"minecraft:wooden_pickaxe":8,"minecraft:stone_axe":36,"minecraft:dirt":10,"minecraft:crafting_table":5,"minecraft:furnace":2,"minecraft:cooked_porkchop":2,"minecraft:white_bed":1,"minecraft:cooked_beef":3},"minecraft:custom":{"minecraft:time_since_rest":1165,"minecraft:interact_with_furnace":5,"minecraft:sprint_one_cm":70351,"minecraft:damage_taken":430,"minecraft:walk_one_cm":69292,"minecraft:mob_kills":13,"minecraft:drop":2,"minecraft:damage_dealt":1364,"minecraft:swim_one_cm":8509,"minecraft:interact_with_crafting_table":7,"minecraft:fly_one_cm":27072,"minecraft:open_chest":1,"minecraft:crouch_one_cm":546,"minecraft:play_time":28040,"minecraft:sneak_time":193,"minecraft:walk_under_water_one_cm":2722,"minecraft:jump":253,"minecraft:walk_on_water_one_cm":1625,"minecraft:time_since_death":28040,"minecraft:sleep_in_bed":1,"minecraft:interact_with_smoker":5,"minecraft:total_world_time":28040,"minecraft:fall_one_cm":6587},"minecraft:mined":{"minecraft:tall_seagrass":1,"minecraft:white_bed":2,"minecraft:furnace":1,"minecraft:dark_oak_leaves":7,"minecraft:fire":1,"minecraft:lilac":2,"minecraft:dark_oak_log":4,"minecraft:andesite":1,"minecraft:crafting_table":4,"minecraft:oak_log":9,"minecraft:coal_ore":18,"minecraft:stone":28},"minecraft:picked_up":{"minecraft:birch_log":1,"minecraft:dark_oak_sapling":1,"minecraft:stick":1,"minecraft:crafting_table":4,"minecraft:feather":1,"minecraft:chicken":1,"minecraft:salmon":3,"minecraft:andesite":1,"minecraft:brown_wool":1,"minecraft:porkchop":2,"minecraft:oak_log":9,"minecraft:white_bed":1,"minecraft:dark_oak_log":5,"minecraft:dirt":13,"minecraft:arrow":1,"minecraft:mutton":11,"minecraft:coal":18,"minecraft:birch_sapling":2,"minecraft:white_wool":7,"minecraft:cobblestone":28,"minecraft:furnace":1},"minecraft:killed":{"minecraft:sheep":7,"minecraft:skeleton":1,"cobblemon:pokemon":2,"minecraft:salmon":3}},"DataVersion":3465}