{"stats":{"minecraft:custom":{"minecraft:interact_with_furnace":21,"minecraft:mob_kills":24,"minecraft:interact_with_crafting_table":16,"minecraft:time_since_death":85984,"minecraft:sleep_in_bed":5,"minecraft:climb_one_cm":2190,"minecraft:time_since_rest":6992,"minecraft:sprint_one_cm":243060,"minecraft:damage_taken":1295,"minecraft:walk_one_cm":188567,"minecraft:drop":60,"minecraft:damage_dealt":3100,"minecraft:swim_one_cm":58044,"minecraft:fly_one_cm":265564,"minecraft:open_chest":15,"minecraft:crouch_one_cm":3100,"minecraft:play_time":85984,"minecraft:sneak_time":1377,"minecraft:walk_under_water_one_cm":9378,"minecraft:boat_one_cm":37493,"minecraft:jump":1647,"minecraft:walk_on_water_one_cm":7152,"minecraft:total_world_time":85984,"minecraft:interact_with_smoker":19,"minecraft:fall_one_cm":43434,"minecraft:horse_one_cm":3562},"minecraft:broken":{"minecraft:stone_pickaxe":2},"minecraft:crafted":{"minecraft:cooked_beef":3,"minecraft:oak_planks":28,"minecraft:cooked_porkchop":2,"minecraft:crafting_table":2,"minecraft:spruce_planks":32,"minecraft:wooden_pickaxe":1,"minecraft:cooked_chicken":3,"minecraft:furnace":2,"minecraft:cooked_salmon":3,"minecraft:bucket":1,"minecraft:birch_planks":4,"minecraft:stone_axe":1,"minecraft:cooked_mutton":16,"minecraft:air":0,"minecraft:oak_boat":1,"minecraft:charcoal":8,"minecraft:stick":20,"minecraft:iron_ingot":12,"minecraft:stone_pickaxe":3,"minecraft:chest":2,"minecraft:white_bed":2,"minecraft:torch":32,"minecraft:dark_oak_planks":48},"minecraft:killed":{"cobblemon:pokemon":3,"minecraft:salmon":3,"minecraft:sheep":10,"minecraft:skeleton":4,"minecraft:zombie":4},"minecraft:mined":{"minecraft:tuff":7,"minecraft:white_bed":5,"minecraft:dark_oak_leaves":7,"minecraft:smoker":1,"biomesoplenty:wildflower":8,"biomesoplenty:desert_grass":2,"minecraft:dark_oak_log":11,"minecraft:ladder":1,"minecraft:granite":4,"cobblemon:apricorn_leaves":19,"minecraft:crafting_table":7,"minecraft:torch":2,"minecraft:grass_block":64,"minecraft:rose_bush":3,"minecraft:copper_ore":4,"minecraft:cobblestone":3,"minecraft:lapis_ore":6,"minecraft:wall_torch":14,"minecraft:tall_seagrass":1,"minecraft:furnace":2,"minecraft:fire":1,"minecraft:lilac":2,"minecraft:spruce_log":8,"minecraft:andesite":18,"minecraft:grass":28,"minecraft:coal_ore":83,"minecraft:oak_log":15,"minecraft:deepslate_iron_ore":10,"minecraft:gravel":2,"minecraft:dirt":1,"minecraft:stone":96,"minecraft:oak_leaves":4,"minecraft:deepslate":57,"minecraft:podzol":35},"minecraft:used":{"minecraft:cooked_mutton":11,"minecraft:water_bucket":4,"minecraft:flint_and_steel":3,"minecraft:chest":2,"minecraft:ladder":1,"minecraft:stone_pickaxe":279,"minecraft:oak_planks":20,"minecraft:spruce_planks":2,"minecraft:wooden_pickaxe":19,"minecraft:cooked_salmon":3,"minecraft:torch":45,"minecraft:dirt":110,"minecraft:crafting_table":8,"minecraft:white_bed":5,"minecraft:golden_shovel":102,"minecraft:tuff":7,"minecraft:granite":4,"minecraft:smoker":1,"minecraft:gravel":2,"minecraft:stone_axe":84,"minecraft:cobblestone":53,"minecraft:furnace":4,"minecraft:cooked_porkchop":2,"minecraft:andesite":17,"minecraft:bucket":5,"minecraft:oak_boat":2,"minecraft:cooked_beef":3,"minecraft:cobbled_deepslate":57},"minecraft:dropped":{"minecraft:iron_ingot":12,"minecraft:lapis_lazuli":41,"minecraft:birch_sapling":2,"minecraft:chicken":2,"minecraft:cobblestone":7,"minecraft:rotten_flesh":10,"minecraft:cooked_mutton":5,"minecraft:white_bed":1,"minecraft:flint_and_steel":1,"minecraft:stick":1,"cobblemon:pink_apricorn":1,"cobblemon:exp_candy_xs":1,"minecraft:dark_oak_log":5,"minecraft:yellow_dye":1,"minecraft:andesite":1,"minecraft:rose_bush":3,"minecraft:arrow":1,"minecraft:dark_oak_planks":28},"minecraft:picked_up":{"minecraft:birch_log":1,"minecraft:crafting_table":7,"minecraft:feather":1,"minecraft:chicken":5,"minecraft:ladder":1,"minecraft:andesite":18,"minecraft:salmon":3,"cobblemon:yellow_apricorn":9,"minecraft:brown_wool":1,"minecraft:yellow_dye":1,"cobblemon:red_apricorn":4,"minecraft:smoker":1,"minecraft:tuff":7,"minecraft:oak_log":15,"minecraft:lapis_lazuli":82,"minecraft:dirt":111,"minecraft:raw_copper":10,"cobblemon:white_apricorn":6,"minecraft:bone":5,"minecraft:wheat_seeds":4,"cobblemon:black_apricorn":2,"minecraft:cobbled_deepslate":57,"cobblemon:green_apricorn":1,"cobblemon:white_apricorn_seed":2,"minecraft:iron_ingot":3,"minecraft:oak_boat":2,"minecraft:rose_bush":3,"minecraft:iron_nugget":1,"biomesoplenty:wildflower":18,"minecraft:birch_sapling":2,"minecraft:furnace":2,"minecraft:stick":1,"minecraft:dark_oak_sapling":1,"minecraft:raw_iron":10,"minecraft:torch":19,"cobblemon:black_belt":1,"minecraft:gravel":2,"minecraft:porkchop":2,"cobblemon:yellow_apricorn_seed":1,"cobblemon:pink_apricorn":1,"minecraft:white_bed":4,"minecraft:spruce_log":8,"minecraft:dark_oak_log":17,"minecraft:arrow":5,"minecraft:rotten_flesh":10,"minecraft:peony":1,"minecraft:granite":4,"minecraft:mutton":16,"minecraft:coal":83,"minecraft:white_wool":10,"minecraft:cobblestone":106,"minecraft:oxeye_daisy":1}},"DataVersion":3465}