{"stats":{"minecraft:custom":{"minecraft:mob_kills":79,"minecraft:interact_with_crafting_table":52,"minecraft:leave_game":1,"minecraft:time_since_death":6401,"minecraft:climb_one_cm":5795,"minecraft:sprint_one_cm":684411,"minecraft:walk_one_cm":581015,"minecraft:drop":96,"minecraft:play_time":225974,"minecraft:deaths":16,"minecraft:sneak_time":7113,"minecraft:walk_under_water_one_cm":23168,"minecraft:boat_one_cm":37493,"minecraft:jump":4250,"minecraft:interact_with_blast_furnace":17,"minecraft:walk_on_water_one_cm":19472,"minecraft:total_world_time":225974,"minecraft:interact_with_furnace":28,"minecraft:sleep_in_bed":13,"minecraft:time_since_rest":6430,"minecraft:damage_taken":5845,"minecraft:damage_dealt":13143,"minecraft:swim_one_cm":103962,"minecraft:fly_one_cm":736315,"minecraft:open_chest":66,"minecraft:crouch_one_cm":22495,"minecraft:interact_with_smoker":35,"minecraft:fall_one_cm":108932,"minecraft:horse_one_cm":3562},"minecraft:broken":{"minecraft:stone_sword":1,"minecraft:stone_pickaxe":2,"minecraft:stone_axe":2},"minecraft:killed_by":{"minecraft:creeper":2,"minecraft:skeleton":3,"minecraft:zombie":5},"minecraft:crafted":{"minecraft:oak_planks":28,"minecraft:smooth_stone_slab":6,"minecraft:cooked_chicken":7,"minecraft:furnace":3,"minecraft:spruce_fence":24,"cobblemon:premier_ball":8,"minecraft:cooked_mutton":16,"minecraft:glass":3,"minecraft:spruce_stairs":92,"minecraft:dark_oak_fence":12,"minecraft:spruce_slab":6,"minecraft:stone_pickaxe":3,"minecraft:chest":2,"minecraft:dark_oak_planks":48,"minecraft:magenta_dye":1,"minecraft:cooked_beef":5,"minecraft:cooked_porkchop":3,"minecraft:crafting_table":4,"minecraft:spruce_planks":280,"minecraft:wooden_pickaxe":1,"minecraft:spruce_door":3,"minecraft:cooked_salmon":3,"minecraft:copper_ingot":19,"minecraft:bucket":1,"minecraft:birch_planks":4,"minecraft:stone_axe":5,"minecraft:air":0,"minecraft:blue_dye":2,"minecraft:oak_boat":1,"cobblemon:poke_ball":4,"minecraft:charcoal":8,"minecraft:stick":76,"minecraft:iron_ingot":18,"minecraft:iron_pickaxe":1,"minecraft:stone_sword":1,"minecraft:white_bed":2,"minecraft:torch":116},"minecraft:killed":{"minecraft:spider":7,"minecraft:skeleton":17,"cobblemon:pokemon":14,"minecraft:salmon":3,"minecraft:sheep":10,"minecraft:pillager":2,"minecraft:zombie":26},"minecraft:mined":{"minecraft:tuff":7,"minecraft:white_bed":5,"minecraft:dark_oak_leaves":7,"biomesoplenty:desert_grass":2,"minecraft:dark_oak_log":12,"minecraft:spruce_trapdoor":4,"minecraft:ladder":1,"minecraft:granite":4,"biomesoplenty:bush":1,"minecraft:grass_block":94,"minecraft:spruce_leaves":8,"minecraft:tall_seagrass":1,"minecraft:furnace":4,"minecraft:fire":1,"minecraft:andesite":18,"minecraft:stripped_spruce_log":5,"minecraft:peony":5,"minecraft:deepslate_iron_ore":14,"minecraft:spruce_wood":1,"minecraft:stone":126,"minecraft:spruce_slab":5,"minecraft:podzol":36,"minecraft:smoker":1,"biomesoplenty:wildflower":9,"minecraft:crafting_table":8,"cobblemon:apricorn_leaves":19,"minecraft:torch":5,"minecraft:calcite":213,"minecraft:rose_bush":3,"minecraft:copper_ore":9,"minecraft:cobblestone":10,"minecraft:lapis_ore":6,"minecraft:wall_torch":16,"minecraft:spruce_stairs":24,"minecraft:lilac":2,"minecraft:spruce_log":201,"minecraft:white_wall_banner":2,"minecraft:grass":32,"minecraft:oak_log":15,"minecraft:coal_ore":83,"minecraft:gravel":2,"minecraft:sand":12,"minecraft:dirt":8,"minecraft:oak_leaves":5,"minecraft:deepslate":71},"minecraft:dropped":{"minecraft:iron_ingot":14,"minecraft:wheat_seeds":3,"minecraft:lapis_lazuli":41,"cobblemon:red_apricorn_seed":1,"minecraft:feather":2,"minecraft:cobblestone":14,"minecraft:copper_ingot":3,"cobblemon:chilan_berry":1,"minecraft:coal":15,"minecraft:stick":3,"cobblemon:pink_apricorn":1,"minecraft:dirt":3,"minecraft:dark_oak_log":5,"minecraft:yellow_dye":1,"cobblemon:poke_ball":4,"minecraft:rose_bush":3,"minecraft:iron_pickaxe":1,"minecraft:dark_oak_planks":28,"minecraft:furnace":1,"minecraft:stone_axe":2,"minecraft:cooked_chicken":2,"minecraft:stone_sword":1,"minecraft:pink_dye":1,"minecraft:birch_sapling":2,"minecraft:chicken":2,"minecraft:rotten_flesh":13,"minecraft:clay_ball":1,"cobblemon:premier_ball":4,"minecraft:cooked_mutton":5,"minecraft:white_bed":1,"minecraft:flint_and_steel":1,"cobblemon:exp_candy_xs":1,"minecraft:spruce_planks":12,"minecraft:andesite":1,"minecraft:spruce_log":10,"minecraft:bow":1,"minecraft:arrow":3,"minecraft:calcite":77},"minecraft:used":{"minecraft:peony":4,"minecraft:stone_sword":134,"minecraft:flint_and_steel":3,"minecraft:spruce_slab":10,"minecraft:ladder":1,"minecraft:chest":2,"minecraft:spruce_planks":12,"minecraft:cooked_salmon":3,"minecraft:cooked_chicken":7,"minecraft:rotten_flesh":5,"minecraft:torch":61,"minecraft:dirt":181,"minecraft:tuff":7,"minecraft:granite":4,"minecraft:spruce_stairs":88,"minecraft:spruce_fence":20,"minecraft:golden_shovel":126,"minecraft:glass":3,"minecraft:furnace":6,"minecraft:cooked_beef":5,"minecraft:cobbled_deepslate":60,"minecraft:golden_axe":21,"minecraft:calcite":166,"minecraft:cooked_mutton":11,"minecraft:water_bucket":5,"minecraft:spruce_door":2,"minecraft:rabbit":1,"minecraft:oak_planks":20,"minecraft:stone_pickaxe":314,"minecraft:wooden_pickaxe":19,"minecraft:crafting_table":10,"minecraft:white_bed":6,"biomesoplenty:wildflower":1,"minecraft:spruce_log":113,"minecraft:smoker":2,"minecraft:dark_oak_log":1,"minecraft:iron_pickaxe":240,"minecraft:spruce_trapdoor":4,"minecraft:spruce_sapling":1,"minecraft:gravel":2,"minecraft:stone_axe":459,"minecraft:cobblestone":67,"minecraft:white_banner":3,"minecraft:cooked_porkchop":5,"minecraft:dark_oak_fence":12,"minecraft:andesite":17,"minecraft:bucket":6,"minecraft:smooth_stone_slab":6,"minecraft:oak_boat":2},"minecraft:picked_up":{"minecraft:crafting_table":8,"minecraft:chicken":9,"minecraft:ladder":1,"minecraft:clay_ball":1,"cobblemon:yellow_apricorn":34,"cobblemon:red_apricorn":18,"minecraft:golden_shovel":1,"minecraft:string":30,"minecraft:raw_copper":29,"minecraft:flint_and_steel":2,"cobblemon:white_apricorn":15,"minecraft:cobbled_deepslate":71,"minecraft:smooth_stone":3,"cobblemon:green_apricorn":4,"cobblemon:white_apricorn_seed":5,"minecraft:spruce_planks":65,"minecraft:beef":2,"minecraft:oak_boat":2,"cobblemon:oran_berry":398,"cobblemon:relic_coin":41,"minecraft:rose_bush":3,"minecraft:calcite":646,"minecraft:iron_nugget":1,"minecraft:iron_pickaxe":12,"minecraft:spruce_slab":12,"biomesoplenty:wildflower":21,"minecraft:birch_sapling":2,"minecraft:spruce_trapdoor":4,"minecraft:furnace":12,"minecraft:dark_oak_sapling":1,"minecraft:stick":34,"minecraft:raw_iron":26,"minecraft:copper_ingot":39,"minecraft:torch":219,"minecraft:spruce_stairs":32,"minecraft:spruce_fence":30,"minecraft:porkchop":3,"minecraft:golden_axe":2,"minecraft:dark_oak_planks":52,"minecraft:stone_sword":4,"cobblemon:ice_gem":1,"minecraft:arrow":88,"minecraft:rotten_flesh":59,"minecraft:peony":15,"minecraft:mutton":16,"cobblemon:blue_apricorn":14,"minecraft:oxeye_daisy":1,"minecraft:white_wool":10,"minecraft:cobblestone":254,"minecraft:birch_log":1,"minecraft:air":0,"minecraft:feather":3,"minecraft:andesite":18,"minecraft:water_bucket":2,"minecraft:salmon":3,"minecraft:brown_wool":2,"minecraft:leather":2,"minecraft:yellow_dye":1,"minecraft:smoker":5,"minecraft:tuff":7,"minecraft:oak_log":15,"minecraft:lapis_lazuli":82,"minecraft:dirt":220,"minecraft:white_banner":3,"minecraft:bone":80,"minecraft:bow":12,"minecraft:wheat_seeds":7,"cobblemon:black_apricorn":2,"minecraft:spruce_wood":1,"minecraft:iron_ingot":30,"minecraft:stone_pickaxe":4,"minecraft:cooked_chicken":11,"minecraft:rabbit":2,"cobblemon:chilan_berry":3,"cobblemon:red_apricorn_seed":4,"cobblemon:exp_candy_xs":2,"minecraft:cooked_porkchop":4,"cobblemon:black_belt":1,"minecraft:gravel":2,"cobblemon:premier_ball":1,"cobblemon:yellow_apricorn_seed":1,"minecraft:sand":12,"minecraft:spruce_sapling":1,"minecraft:stripped_spruce_log":5,"cobblemon:pink_apricorn":1,"minecraft:ink_sac":3,"minecraft:white_bed":6,"minecraft:spruce_log":305,"minecraft:spruce_door":21,"minecraft:dark_oak_log":18,"minecraft:spider_eye":15,"cobblemon:poke_ball":36,"minecraft:stone_axe":14,"minecraft:granite":4,"cobblemon_armor_sets:bag_squirtle":11,"minecraft:coal":98,"minecraft:pink_dye":2}},"DataVersion":3465}