{"stats":{"minecraft:custom":{"minecraft:mob_kills":31,"minecraft:interact_with_crafting_table":27,"minecraft:time_since_death":10295,"minecraft:climb_one_cm":3993,"minecraft:sprint_one_cm":347930,"minecraft:walk_one_cm":244255,"minecraft:drop":67,"minecraft:play_time":126064,"minecraft:deaths":4,"minecraft:sneak_time":2725,"minecraft:walk_under_water_one_cm":20607,"minecraft:boat_one_cm":37493,"minecraft:jump":2423,"minecraft:interact_with_blast_furnace":10,"minecraft:walk_on_water_one_cm":17229,"minecraft:total_world_time":126064,"minecraft:interact_with_furnace":23,"minecraft:sleep_in_bed":11,"minecraft:time_since_rest":9610,"minecraft:damage_taken":2410,"minecraft:damage_dealt":4278,"minecraft:swim_one_cm":96141,"minecraft:fly_one_cm":428853,"minecraft:open_chest":39,"minecraft:crouch_one_cm":5348,"minecraft:interact_with_smoker":23,"minecraft:fall_one_cm":65859,"minecraft:horse_one_cm":3562},"minecraft:broken":{"minecraft:stone_pickaxe":2},"minecraft:killed_by":{"minecraft:creeper":2},"minecraft:crafted":{"minecraft:oak_planks":28,"minecraft:cooked_chicken":3,"minecraft:furnace":3,"cobblemon:premier_ball":8,"minecraft:cooked_mutton":16,"minecraft:dark_oak_fence":12,"minecraft:stone_pickaxe":3,"minecraft:chest":2,"minecraft:dark_oak_planks":48,"minecraft:magenta_dye":1,"minecraft:cooked_beef":3,"minecraft:cooked_porkchop":2,"minecraft:crafting_table":3,"minecraft:spruce_planks":56,"minecraft:wooden_pickaxe":1,"minecraft:cooked_salmon":3,"minecraft:copper_ingot":19,"minecraft:birch_planks":4,"minecraft:bucket":1,"minecraft:stone_axe":1,"minecraft:air":0,"minecraft:blue_dye":2,"minecraft:oak_boat":1,"cobblemon:poke_ball":4,"minecraft:charcoal":8,"minecraft:stick":48,"minecraft:iron_ingot":16,"minecraft:iron_pickaxe":1,"minecraft:stone_sword":1,"minecraft:white_bed":2,"minecraft:torch":96},"minecraft:killed":{"minecraft:skeleton":9,"cobblemon:pokemon":5,"minecraft:salmon":3,"minecraft:sheep":10,"minecraft:zombie":4},"minecraft:used":{"minecraft:stone_sword":8,"minecraft:flint_and_steel":3,"minecraft:ladder":1,"minecraft:chest":2,"minecraft:spruce_planks":2,"minecraft:cooked_salmon":3,"minecraft:cooked_chicken":3,"minecraft:torch":48,"minecraft:dirt":131,"minecraft:golden_shovel":102,"minecraft:tuff":7,"minecraft:granite":4,"minecraft:furnace":6,"minecraft:cooked_beef":3,"minecraft:cobbled_deepslate":60,"minecraft:golden_axe":21,"minecraft:calcite":1,"minecraft:cooked_mutton":11,"minecraft:water_bucket":5,"minecraft:stone_pickaxe":314,"minecraft:oak_planks":20,"minecraft:wooden_pickaxe":19,"minecraft:crafting_table":9,"minecraft:white_bed":6,"minecraft:smoker":2,"minecraft:gravel":2,"minecraft:stone_axe":84,"minecraft:cobblestone":53,"minecraft:cooked_porkchop":4,"minecraft:dark_oak_fence":12,"minecraft:andesite":17,"minecraft:bucket":6,"minecraft:oak_boat":2},"minecraft:mined":{"minecraft:tuff":7,"minecraft:white_bed":5,"minecraft:dark_oak_leaves":7,"biomesoplenty:desert_grass":2,"minecraft:dark_oak_log":11,"minecraft:ladder":1,"minecraft:granite":4,"minecraft:grass_block":65,"minecraft:tall_seagrass":1,"minecraft:furnace":4,"minecraft:fire":1,"minecraft:andesite":18,"minecraft:stripped_spruce_log":5,"minecraft:deepslate_iron_ore":14,"minecraft:spruce_wood":1,"minecraft:stone":105,"minecraft:podzol":36,"minecraft:smoker":1,"biomesoplenty:wildflower":8,"minecraft:crafting_table":8,"minecraft:torch":2,"cobblemon:apricorn_leaves":19,"minecraft:calcite":1,"minecraft:rose_bush":3,"minecraft:copper_ore":9,"minecraft:cobblestone":3,"minecraft:lapis_ore":6,"minecraft:wall_torch":14,"minecraft:lilac":2,"minecraft:spruce_log":12,"minecraft:grass":29,"minecraft:oak_log":15,"minecraft:coal_ore":83,"minecraft:gravel":2,"minecraft:dirt":5,"minecraft:oak_leaves":4,"minecraft:deepslate":71},"minecraft:dropped":{"minecraft:iron_ingot":12,"minecraft:lapis_lazuli":41,"cobblemon:red_apricorn_seed":1,"minecraft:feather":2,"minecraft:cobblestone":7,"minecraft:stick":1,"cobblemon:pink_apricorn":1,"minecraft:dark_oak_log":5,"minecraft:yellow_dye":1,"minecraft:rose_bush":3,"minecraft:dark_oak_planks":28,"minecraft:pink_dye":1,"minecraft:birch_sapling":2,"minecraft:chicken":2,"minecraft:rotten_flesh":10,"cobblemon:premier_ball":4,"minecraft:cooked_mutton":5,"minecraft:white_bed":1,"minecraft:flint_and_steel":1,"cobblemon:exp_candy_xs":1,"minecraft:andesite":1,"minecraft:arrow":1},"minecraft:picked_up":{"minecraft:crafting_table":8,"minecraft:chicken":6,"minecraft:ladder":1,"cobblemon:yellow_apricorn":12,"cobblemon:red_apricorn":4,"minecraft:golden_shovel":1,"minecraft:raw_copper":29,"minecraft:flint_and_steel":2,"cobblemon:white_apricorn":11,"minecraft:cobbled_deepslate":71,"minecraft:smooth_stone":3,"cobblemon:green_apricorn":4,"cobblemon:white_apricorn_seed":4,"minecraft:spruce_planks":24,"cobblemon:relic_coin":41,"cobblemon:oran_berry":38,"minecraft:oak_boat":2,"minecraft:rose_bush":3,"minecraft:calcite":1,"minecraft:iron_nugget":1,"biomesoplenty:wildflower":20,"minecraft:birch_sapling":2,"minecraft:furnace":7,"minecraft:dark_oak_sapling":1,"minecraft:stick":7,"minecraft:raw_iron":18,"minecraft:copper_ingot":3,"minecraft:torch":89,"minecraft:porkchop":2,"minecraft:golden_axe":2,"minecraft:dark_oak_planks":52,"cobblemon:ice_gem":1,"minecraft:arrow":12,"minecraft:rotten_flesh":10,"minecraft:peony":1,"minecraft:mutton":16,"cobblemon:blue_apricorn":14,"minecraft:oxeye_daisy":1,"minecraft:white_wool":10,"minecraft:cobblestone":157,"minecraft:birch_log":1,"minecraft:feather":3,"minecraft:andesite":18,"minecraft:water_bucket":2,"minecraft:salmon":3,"minecraft:brown_wool":1,"minecraft:yellow_dye":1,"minecraft:smoker":5,"minecraft:tuff":7,"minecraft:oak_log":15,"minecraft:lapis_lazuli":82,"minecraft:dirt":155,"minecraft:bone":22,"cobblemon:black_apricorn":2,"minecraft:wheat_seeds":4,"minecraft:spruce_wood":1,"minecraft:iron_ingot":7,"minecraft:stone_pickaxe":4,"minecraft:cooked_chicken":5,"cobblemon:red_apricorn_seed":1,"cobblemon:exp_candy_xs":2,"minecraft:cooked_porkchop":4,"cobblemon:black_belt":1,"minecraft:gravel":2,"cobblemon:premier_ball":1,"cobblemon:yellow_apricorn_seed":1,"minecraft:stripped_spruce_log":5,"cobblemon:pink_apricorn":1,"minecraft:ink_sac":3,"minecraft:white_bed":6,"minecraft:spruce_log":12,"minecraft:dark_oak_log":17,"cobblemon:poke_ball":9,"minecraft:stone_axe":2,"minecraft:granite":4,"minecraft:coal":83,"minecraft:pink_dye":2}},"DataVersion":3465}