{"stats":{"minecraft:picked_up":{"minecraft:wooden_axe":1,"minecraft:crafting_table":2,"minecraft:feather":6,"minecraft:lilac":1,"minecraft:leather":6,"minecraft:lead":1,"minecraft:wooden_pickaxe":1,"minecraft:oak_log":8,"mca:book_romance":1,"tombstone:gift":1,"minecraft:bone":1,"minecraft:wheat_seeds":6,"comforts:sleeping_bag_white":1,"delightful:acorn":5,"minecraft:beef":18,"minecraft:stone_pickaxe":1,"minecraft:moss_block":2,"delightful:green_tea_leaf":5,"minecraft:oak_planks":4,"minecraft:stick":49,"minecraft:pumpkin":8,"minecraft:dandelion":1,"minecraft:cherry_log":44,"tombstone:grave_dust":1,"minecraft:white_bed":5,"minecraft:carrot":1,"regions_unexplored:daisy":1,"alexsmobs:animal_dictionary":1,"minecraft:stone_sword":1,"minecraft:pumpkin_seeds":19,"minecraft:rotten_flesh":2,"minecraft:soul_lantern":1,"minecraft:cherry_sapling":30,"minecraft:oak_sapling":22,"minecraft:white_wool":2,"minecraft:cobblestone":7,"minecraft:sunflower":2},"minecraft:custom":{"minecraft:mob_kills":8,"minecraft:interact_with_crafting_table":3,"minecraft:leave_game":2,"minecraft:time_since_death":18135,"minecraft:sleep_in_bed":3,"minecraft:climb_one_cm":602,"minecraft:time_since_rest":14994,"minecraft:sprint_one_cm":138719,"minecraft:damage_taken":1515,"minecraft:walk_one_cm":89377,"minecraft:drop":13,"minecraft:damage_dealt":1713,"minecraft:swim_one_cm":7310,"minecraft:fly_one_cm":38717,"minecraft:deaths":5,"minecraft:crouch_one_cm":467,"tombstone:undead_killed":1,"minecraft:play_time":49915,"minecraft:sneak_time":332,"minecraft:walk_under_water_one_cm":7256,"minecraft:boat_one_cm":134699,"minecraft:jump":475,"minecraft:walk_on_water_one_cm":5905,"minecraft:total_world_time":49915,"minecraft:fall_one_cm":6073},"minecraft:crafted":{"minecraft:oak_planks":32,"minecraft:crafting_table":1,"minecraft:wooden_pickaxe":1,"minecraft:pumpkin_seeds":32,"minecraft:stick":8,"minecraft:stone_pickaxe":1,"minecraft:wooden_axe":1,"minecraft:stone_sword":1},"minecraft:used":{"minecraft:stone_sword":33,"minecraft:stone_pickaxe":6,"minecraft:oak_planks":16,"minecraft:wooden_pickaxe":6,"minecraft:crafting_table":2,"minecraft:carrot":1,"minecraft:white_bed":4,"minecraft:wooden_axe":23,"minecraft:beef":11,"tombstone:gift":2},"minecraft:dropped":{"minecraft:wheat_seeds":2,"tombstone:gift":1,"minecraft:pumpkin_seeds":8,"minecraft:oak_sapling":1,"comforts:sleeping_bag_white":1},"minecraft:killed":{"minecraft:zombie":1,"minecraft:cow":6},"minecraft:mined":{"minecraft:white_bed":5,"farmersdelight:wild_carrots":1,"minecraft:crafting_table":2,"minecraft:cobblestone":6,"minecraft:tall_grass":5,"minecraft:spruce_leaves":1,"regions_unexplored:daisy":2,"minecraft:moss_block":1,"graveyard:tg_moss_block":1,"minecraft:lilac":1,"minecraft:pumpkin":8,"treechop:chopped_log":1,"minecraft:grass":11,"minecraft:coal_ore":2,"minecraft:oak_log":8,"minecraft:cherry_leaves":3,"regions_unexplored:medium_grass":2,"minecraft:stone":3,"minecraft:fern":1}},"DataVersion":3465}