{"stats":{"minecraft:dropped":{"alexsmobs:fedora":1,"minecraft:stripped_spruce_log":2,"crittersandcompanions:otter_spawn_egg":2,"alexsmobs:spawn_egg_potoo":1,"luphieclutteredmod:luphie_pink_armchair":1,"alexsmobs:spawn_egg_cosmaw":1,"doggytalents:doggy_charm":1,"minecraft:netherite_sword":1,"alexsmobs:medium_catfish_bucket":1,"crittersandcompanions:shima_enaga_spawn_egg":1,"alexsmobs:blobfish":1,"luphieclutteredmod:luphie_antique_lamp":1,"luphieclutteredmod:luphie_bee_lamp":1,"minecraft:oak_planks":1,"opf:opf":1,"fantasyfurniture:nordic/bed_double":1,"minecraft:grass_block":1,"luphieclutteredmod:luphie_orange_cat_plant_pot":1,"luphieclutteredmod:cluttered_tarrey_town_wood_stove":1,"alexsmobs:spawn_egg_straddler":1,"alexsmobs:lobster_bucket":1,"alexsmobs:spawn_egg_raccoon":1,"alexsmobs:spawn_egg_laviathan":1,"crittersandcompanions:sea_bunny_spawn_egg":1,"luphieclutteredmod:luphie_pastry_display_case":1,"fantasyfurniture:decorations/berry_basket_sweetberry":1,"crittersandcompanions:red_panda_spawn_egg":1,"luphieclutteredmod:yellow_bicycle":1,"crittersandcompanions:dumbo_octopus_bucket":1,"chiselsandbits:block_bit":1},"minecraft:used":{"alexsmobs:spawn_egg_raccoon":1,"zetter:easel":4,"fantasyfurniture:decorations/berry_basket_sweetberry":1,"doggytalents:doggy_charm":35,"minecraft:oak_planks":2,"luphieclutteredmod:luphie_pastry_display_case":4,"alexsmobs:spawn_egg_straddler":2,"luphieclutteredmod:luphie_dorado_cabinet":2,"luphieclutteredmod:luphie_orange_cat_plant_pot":1,"alexsmobs:spawn_egg_laviathan":1,"alexsmobs:medium_catfish_bucket":1,"crittersandcompanions:red_panda_spawn_egg":10,"fantasyfurniture:nordic/bed_double":1,"crittersandcompanions:otter_spawn_egg":7,"luphieclutteredmod:yellow_bicycle":2,"alexsmobs:spawn_egg_mimic_octopus":1,"luphieclutteredmod:luphie_glowing_moon":30,"luphieclutteredmod:luphie_hanging_dish_towel":1,"luphieclutteredmod:luphie_pink_armchair":1,"luphieclutteredmod:luphie_bee_lamp":7,"alexsmobs:spawn_egg_murmur":1,"luphieclutteredmod:cluttered_tarrey_town_wood_stove":1,"minecraft:grass_block":2,"alexsmobs:spawn_egg_cosmaw":1,"alexsmobs:platypus_bucket":13,"luphieclutteredmod:luphie_antique_lamp":1,"luphieclutteredmod:luphie_flower_desk_lamp":6,"alexsmobs:fedora":1,"crittersandcompanions:dumbo_octopus_bucket":1,"alexsmobs:lobster_bucket":2,"alexsmobs:animal_dictionary":1,"alexsmobs:spawn_egg_potoo":1,"crittersandcompanions:sea_bunny_spawn_egg":1,"alexsmobs:blobfish":2},"minecraft:killed":{"alexsmobs:laviathan":1},"minecraft:custom":{"minecraft:mob_kills":1,"minecraft:leave_game":2,"minecraft:time_since_death":164213,"minecraft:time_since_rest":164213,"minecraft:sprint_one_cm":9962,"minecraft:damage_taken":10,"minecraft:walk_one_cm":78390,"minecraft:drop":31,"minecraft:damage_dealt":261,"minecraft:fly_one_cm":7136,"minecraft:crouch_one_cm":3860,"minecraft:play_time":164213,"minecraft:sneak_time":3691,"minecraft:walk_under_water_one_cm":305,"minecraft:jump":53,"minecraft:walk_on_water_one_cm":4803,"minecraft:total_world_time":164213,"minecraft:fall_one_cm":209},"minecraft:picked_up":{"zetter:canvas":5,"alexsmobs:spawn_egg_potoo":1,"crittersandcompanions:red_panda_spawn_egg":1,"minecraft:netherite_sword":1,"fantasyfurniture:nordic/bed_double":1,"zetter:paints":1,"alexsmobs:spawn_egg_straddler":1,"alexsmobs:spawn_egg_laviathan":1,"alexsmobs:spawn_egg_cosmaw":1,"alexsmobs:blobfish":1,"doggytalents:doggy_charm":2,"opf:opf":2,"luphieclutteredmod:luphie_bee_lamp":1,"alexsmobs:lobster_bucket":1,"alexsmobs:fedora":1,"minecraft:stripped_spruce_log":2,"minecraft:grass_block":1,"luphieclutteredmod:luphie_antique_lamp":1,"zetter:easel":1,"alexsmobs:spawn_egg_raccoon":1,"zetter:palette":3,"crittersandcompanions:otter_spawn_egg":3,"crittersandcompanions:dumbo_octopus_bucket":1}},"DataVersion":3465}