{"stats":{"minecraft:dropped":{"alexsmobs:fedora":2,"minecraft:torchflower":1,"luphieclutteredmod:luphie_mini_cactus_set":1,"minecraft:bread":1,"fruitsdelight:bayberry_soup":1,"minecraft:stripped_spruce_log":2,"luphieclutteredmod:luphie_analog_kitchen_scale":1,"crittersandcompanions:otter_spawn_egg":3,"luphieclutteredmod:luphie_stack_of_ham_sandwiches":1,"minecraft:cherry_log":1,"luphieclutteredmod:luphie_sweetheart_kitchen_table":1,"zetter:palette":1,"luphieclutteredmod:luphie_white_left_outer_corner_counter":1,"doggytalents:doggy_charm":2,"alexsmobs:kangaroo_meat":1,"alexsmobs:medium_catfish_bucket":1,"crittersandcompanions:shima_enaga_spawn_egg":1,"corn_delight:grilled_corn":1,"luphieclutteredmod:luphie_moon_string":1,"luphieclutteredmod:luphie_plated_croissant":1,"fruitsdelight:pear_sapling":1,"opf:opf":1,"fantasyfurniture:nordic/bed_double":2,"luphieclutteredmod:luphie_apple_chair":1,"minecraft:grass_block":2,"luphieclutteredmod:luphie_orange_cat_plant_pot":1,"luphieclutteredmod:cluttered_tarrey_town_wood_stove":1,"fruitsdelight:mangosteen_sapling":1,"alexsmobs:spawn_egg_straddler":2,"alexsmobs:spawn_egg_raccoon":1,"chiselsandbits:chisel_diamond":1,"alexsmobs:spawn_egg_laviathan":1,"fruitsdelight:cranberry_muffin":1,"fruitsdelight:lemon_tree":1,"fantasyfurniture:dunmer/chandelier":1,"minecraft:cooked_cod":1,"minecraft:cherry_planks":1,"luphieclutteredmod:luphie_imperial_chair":1,"fantasyfurniture:decorations/berry_basket_sweetberry":1,"fruitsdelight:peach_sapling":1,"luphieclutteredmod:luphie_sweetheart_kitchen_sink":1,"minecraft:bone_meal":1,"luphieclutteredmod:luphie_white_mini_cabinet":1,"fruitsdelight:hamimelon_popsicle":1,"luphieclutteredmod:luphie_pink_outer_corner_cabinet":1,"minecraft:stripped_oak_wood":1,"minecraft:pink_petals":1,"fantasyfurniture:nordic/chandelier":1,"chiselsandbits:block_bit":2,"fantasyfurniture:venthyr/chair":3,"alexsmobs:sopa_de_macaco":1,"luphieclutteredmod:luphie_flowering_pink_window":1,"corn_delight:popcorn_box":1,"luphieclutteredmod:luphie_plated_blueberry_muffin":1,"chiselsandbits:magnifying_glass":1,"luphieclutteredmod:luphie_white_sink":1,"fantasyfurniture:royal/chair":1,"luphieclutteredmod:luphie_pink_slab":1,"alexsmobs:spawn_egg_potoo":1,"luphieclutteredmod:luphie_pink_armchair":2,"alexsmobs:spawn_egg_cosmaw":1,"fantasyfurniture:dunmer/chair":1,"luphieclutteredmod:luphie_sweetheart_counter_a":1,"minecraft:netherite_sword":1,"fruitsdelight:orange_sapling":1,"luphieclutteredmod:luphie_pink_shelf_cabinet":1,"minecraft:cherry_sapling":1,"alexsmobs:blobfish":1,"luphieclutteredmod:luphie_bee_lamp":1,"luphieclutteredmod:luphie_antique_lamp":1,"fruitsdelight:bellini_cocktail":1,"minecraft:oak_planks":1,"fantasyfurniture:bone/skeleton/chair":1,"luphieclutteredmod:luphie_pastel_armchair":1,"luphieclutteredmod:luphie_pastel_traditional_chair":1,"farmersrespite:coffee_cake":1,"luphieclutteredmod:luphie_glowing_moon":1,"alexsmobs:cooked_kangaroo_meat":1,"fruitsdelight:lychee_sapling":1,"farmersdelight:cutting_board":1,"luphieclutteredmod:luphie_pink_inner_corner_counter":3,"alexsmobs:lobster_bucket":1,"fruitsdelight:kiwi_juice":1,"alexsmobs:elastic_tendon":1,"luphieclutteredmod:luphie_pink_window":1,"fantasyfurniture:nordic/chair":3,"corn_delight:boiled_corn":1,"crittersandcompanions:koi_fish":1,"crittersandcompanions:sea_bunny_spawn_egg":1,"minecraft:allium":1,"minecraft:spruce_planks":1,"luphieclutteredmod:luphie_pink_counter":2,"luphieclutteredmod:luphie_pink_glowshroom_terrarium":1,"fruitsdelight:hawberry_crate":1,"minecraft:quartz_block":2,"luphieclutteredmod:luphie_white_shelf_cabinet":1,"luphieclutteredmod:luphie_pastry_display_case":2,"luphieclutteredmod:luphie_flower_desk_lamp":1,"delightful:bone_knife":1,"fantasyfurniture:dunmer/wardrobe_bottom":1,"crittersandcompanions:red_panda_spawn_egg":1,"fantasyfurniture:royal/bed_double":1,"luphieclutteredmod:luphie_empty_small_jars":1,"fruitsdelight:jelly_bread":1,"zetter:paints":1,"luphieclutteredmod:yellow_bicycle":1,"fantasyfurniture:bone/wither/table_large":3,"minecraft:beef":1,"luphieclutteredmod:luphie_pink_cabinet":1,"coffee_delight:cap_iced_lattee_coffee":1,"luphieclutteredmod:luphie_pink_and_gold_moon_decor":1,"luphieclutteredmod:luphie_wine_bottles":1,"fruitsdelight:pineapple_sapling":1,"luphieclutteredmod:luphie_darkwood_southern_flair_chair":1,"fantasyfurniture:dunmer/table_large":2,"doggytalents:salmon_sushi":2,"luphieclutteredmod:luphie_pink_mini_cabinet":1,"crittersandcompanions:dumbo_octopus_bucket":1,"corn_delight:corn_soup":1,"farmersdelight:diamond_knife":1},"minecraft:used":{"minecraft:cherry_sapling":30,"zetter:easel":4,"fantasyfurniture:decorations/berry_basket_sweetberry":1,"fruitsdelight:lychee_sapling":1,"fruitsdelight:jelly_bread":1,"alexsmobs:sopa_de_macaco":4,"luphieclutteredmod:luphie_sweetheart_counter_a":1,"minecraft:spruce_planks":1,"luphieclutteredmod:luphie_pink_shelf_cabinet":2,"luphieclutteredmod:luphie_moon_string":7,"fruitsdelight:blueberry_custard":3,"alexsmobs:spawn_egg_laviathan":1,"alexsmobs:medium_catfish_bucket":1,"doggytalents:rice_bowl":2,"corn_delight:boiled_corn":3,"crittersandcompanions:red_panda_spawn_egg":10,"fruitsdelight:hawberry_crate":2,"fruitsdelight:bellini_cocktail":19,"fantasyfurniture:royal/chair":1,"crittersandcompanions:otter_spawn_egg":17,"corn_delight:popcorn_box":1,"luphieclutteredmod:yellow_bicycle":2,"luphieclutteredmod:luphie_pastel_traditional_chair":6,"luphieclutteredmod:luphie_hanging_dish_towel":1,"luphieclutteredmod:luphie_flowering_pink_window":1,"luphieclutteredmod:luphie_pink_mini_cabinet":5,"luphieclutteredmod:luphie_bee_lamp":7,"luphieclutteredmod:cluttered_tarrey_town_wood_stove":1,"minecraft:grass_block":17,"minecraft:quartz_block":319,"luphieclutteredmod:luphie_mini_cactus_set":1,"alexsmobs:platypus_bucket":13,"fantasyfurniture:dunmer/chair":1,"luphieclutteredmod:luphie_antique_lamp":1,"alexsmobs:fedora":1,"fantasyfurniture:bone/skeleton/chair":1,"fruitsdelight:mangosteen_sapling":2,"fantasyfurniture:nordic/chandelier":6,"luphieclutteredmod:luphie_pink_window":34,"fantasyfurniture:dunmer/table_large":2,"alexsmobs:lobster_bucket":2,"luphieclutteredmod:luphie_pink_inner_corner_counter":2,"fruitsdelight:bayberry_soup":1,"alexsmobs:spawn_egg_potoo":1,"luphieclutteredmod:luphie_imperial_chair":1,"minecraft:cherry_log":63,"alexsmobs:blobfish":2,"luphieclutteredmod:luphie_analog_kitchen_scale":1,"alexsmobs:spawn_egg_raccoon":1,"luphieclutteredmod:luphie_white_sink":1,"minecraft:torchflower":2,"doggytalents:doggy_charm":35,"luphieclutteredmod:luphie_darkwood_southern_flair_chair":2,"minecraft:oak_planks":2,"minecraft:cherry_planks":30,"luphieclutteredmod:luphie_pastry_display_case":5,"fruitsdelight:peach_sapling":1,"fruitsdelight:kiwi_juice":4,"luphieclutteredmod:luphie_darkwood_souther_flair_bed":3,"luphieclutteredmod:luphie_orange_cat_plant_pot":1,"luphieclutteredmod:luphie_dorado_cabinet":2,"alexsmobs:spawn_egg_straddler":3,"coffee_delight:cap_iced_lattee_coffee":2,"luphieclutteredmod:luphie_plated_croissant":2,"luphieclutteredmod:luphie_pink_slab":12,"fantasyfurniture:nordic/bed_double":2,"alexsmobs:spawn_egg_mimic_octopus":1,"fantasyfurniture:dunmer/bed_double":1,"luphieclutteredmod:luphie_glowing_moon":30,"fantasyfurniture:bone/wither/table_large":7,"luphieclutteredmod:luphie_white_left_outer_corner_counter":2,"luphieclutteredmod:luphie_pink_armchair":1,"fruitsdelight:hamimelon_popsicle":2,"fruitsdelight:cranberry_muffin":3,"luphieclutteredmod:luphie_pink_and_gold_moon_decor":7,"fantasyfurniture:dunmer/wardrobe_bottom":1,"luphieclutteredmod:luphie_pink_outer_corner_cabinet":2,"alexsmobs:spawn_egg_murmur":1,"luphieclutteredmod:luphie_pink_counter":7,"luphieclutteredmod:luphie_white_shelf_cabinet":2,"luphieclutteredmod:luphie_plated_blueberry_muffin":1,"luphieclutteredmod:luphie_wine_bottles":2,"fantasyfurniture:nordic/chair":6,"alexsmobs:spawn_egg_cosmaw":1,"luphieclutteredmod:luphie_empty_small_jars":1,"luphieclutteredmod:luphie_sweetheart_kitchen_sink":1,"luphieclutteredmod:luphie_flower_desk_lamp":8,"doggytalents:salmon_sushi":1,"fruitsdelight:blueberry_muffin":2,"fantasyfurniture:royal/bed_double":1,"fruitsdelight:lemon_tree":2,"minecraft:pink_petals":10,"crittersandcompanions:dumbo_octopus_bucket":1,"corn_delight:grilled_corn":2,"luphieclutteredmod:luphie_pink_cabinet":3,"minecraft:stripped_oak_wood":4,"alexsmobs:animal_dictionary":1,"luphieclutteredmod:luphie_stack_of_ham_sandwiches":1,"fantasyfurniture:venthyr/chair":11,"luphieclutteredmod:luphie_apple_chair":1,"minecraft:bone_meal":237,"crittersandcompanions:sea_bunny_spawn_egg":1},"minecraft:killed":{"alexsmobs:laviathan":1},"minecraft:custom":{"minecraft:mob_kills":1,"minecraft:leave_game":2,"minecraft:time_since_death":272213,"minecraft:sprint_one_cm":85475,"minecraft:walk_one_cm":190608,"minecraft:drop":137,"minecraft:play_time":272213,"minecraft:sneak_time":7531,"minecraft:walk_under_water_one_cm":3119,"minecraft:jump":224,"minecraft:interact_with_blast_furnace":1,"minecraft:walk_on_water_one_cm":9150,"minecraft:total_world_time":272213,"minecraft:interact_with_furnace":2,"minecraft:time_since_rest":272213,"minecraft:damage_taken":10,"minecraft:damage_dealt":261,"minecraft:fly_one_cm":318488,"minecraft:crouch_one_cm":10152,"minecraft:fall_one_cm":209},"minecraft:picked_up":{"minecraft:allium":2,"farmersrespite:coffee_cake_slice":7,"fantasyfurniture:bone/wither/table_large":1,"luphieclutteredmod:luphie_imperial_chair":1,"farmersdelight:cutting_board":3,"luphieclutteredmod:luphie_pink_window":1,"zetter:canvas":5,"luphieclutteredmod:luphie_plated_blueberry_muffin":1,"fantasyfurniture:nordic/chair":3,"crittersandcompanions:red_panda_spawn_egg":1,"alexsmobs:spawn_egg_potoo":1,"luphieclutteredmod:luphie_sweetheart_kitchen_table":1,"minecraft:netherite_sword":1,"fantasyfurniture:dunmer/chandelier":1,"minecraft:spruce_planks":1,"minecraft:beef":5,"luphieclutteredmod:luphie_sweetheart_counter_a":1,"alexsmobs:spawn_egg_straddler":2,"doggytalents:doggy_charm":3,"fantasyfurniture:dunmer/chair":1,"luphieclutteredmod:luphie_moon_string":1,"farmersdelight:minced_beef":4,"alexsmobs:lobster_bucket":1,"alexsmobs:fedora":1,"minecraft:cherry_log":1,"fruitsdelight:lemon":4,"fantasyfurniture:royal/chair":1,"minecraft:cooked_cod":1,"farmersdelight:cooked_cod_slice":2,"luphieclutteredmod:luphie_pastel_traditional_chair":1,"minecraft:quartz_block":2,"fantasyfurniture:bone/skeleton/chair":1,"luphieclutteredmod:luphie_pink_cabinet":1,"alexsmobs:spawn_egg_raccoon":1,"zetter:palette":4,"luphieclutteredmod:luphie_pastry_display_case":1,"luphieclutteredmod:luphie_pink_glowshroom_terrarium":1,"crittersandcompanions:otter_spawn_egg":3,"alexsmobs:kangaroo_meat":1,"luphieclutteredmod:luphie_sweetheart_kitchen_sink":1,"crittersandcompanions:dumbo_octopus_bucket":1,"farmersdelight:rice":192,"minecraft:cherry_planks":1,"luphieclutteredmod:luphie_pink_armchair":1,"luphieclutteredmod:luphie_apple_chair":1,"fantasyfurniture:dunmer/wardrobe_bottom":1,"farmersrespite:coffee_cake":1,"chiselsandbits:magnifying_glass":1,"luphieclutteredmod:luphie_empty_small_jars":1,"luphieclutteredmod:luphie_white_left_outer_corner_counter":1,"fantasyfurniture:dunmer/table_large":1,"fantasyfurniture:nordic/bed_double":2,"zetter:paints":1,"corn_delight:popcorn_box":1,"alexsmobs:spawn_egg_laviathan":1,"alexsmobs:blobfish":1,"alexsmobs:spawn_egg_cosmaw":1,"luphieclutteredmod:luphie_pink_inner_corner_counter":1,"luphieclutteredmod:luphie_analog_kitchen_scale":1,"luphieclutteredmod:luphie_bee_lamp":1,"opf:opf":2,"alexsdelight:kangaroo_shank":4,"doggytalents:salmon_sushi":1,"fruitsdelight:lemon_tree":1,"doggytalents:onigiri":1,"luphieclutteredmod:luphie_white_mini_cabinet":1,"minecraft:stripped_spruce_log":2,"minecraft:grass_block":1,"fantasyfurniture:venthyr/chair":3,"luphieclutteredmod:luphie_antique_lamp":1,"domesticationinnovation:wayward_lantern":1,"fantasyfurniture:nordic/chandelier":1,"luphieclutteredmod:luphie_white_sink":1,"zetter:easel":1,"minecraft:bone_meal":1,"minecraft:cherry_sapling":1,"minecraft:bread":1,"fruitsdelight:mango":11}},"DataVersion":3465}