{"stats":{"minecraft:dropped":{"alexsmobs:fedora":2,"minecraft:stripped_spruce_log":2,"crittersandcompanions:otter_spawn_egg":3,"zetter:palette":1,"alexsmobs:spawn_egg_potoo":1,"luphieclutteredmod:luphie_pink_armchair":1,"alexsmobs:spawn_egg_cosmaw":1,"doggytalents:doggy_charm":1,"minecraft:netherite_sword":1,"alexsmobs:medium_catfish_bucket":1,"crittersandcompanions:shima_enaga_spawn_egg":1,"corn_delight:grilled_corn":1,"alexsmobs:blobfish":1,"luphieclutteredmod:luphie_antique_lamp":1,"luphieclutteredmod:luphie_bee_lamp":1,"minecraft:oak_planks":1,"luphieclutteredmod:luphie_moon_string":1,"fruitsdelight:pear_sapling":1,"opf:opf":1,"fantasyfurniture:nordic/bed_double":1,"fruitsdelight:mangosteen_sapling":1,"minecraft:grass_block":2,"luphieclutteredmod:luphie_orange_cat_plant_pot":1,"luphieclutteredmod:cluttered_tarrey_town_wood_stove":1,"luphieclutteredmod:luphie_glowing_moon":1,"fruitsdelight:lychee_sapling":1,"chiselsandbits:chisel_diamond":1,"alexsmobs:spawn_egg_straddler":1,"fruitsdelight:kiwi_juice":1,"alexsmobs:lobster_bucket":1,"alexsmobs:spawn_egg_raccoon":1,"alexsmobs:spawn_egg_laviathan":1,"alexsmobs:elastic_tendon":1,"fruitsdelight:lemon_tree":1,"corn_delight:boiled_corn":1,"crittersandcompanions:sea_bunny_spawn_egg":1,"fruitsdelight:hawberry_crate":1,"luphieclutteredmod:luphie_pastry_display_case":1,"luphieclutteredmod:luphie_flower_desk_lamp":1,"fantasyfurniture:decorations/berry_basket_sweetberry":1,"fruitsdelight:peach_sapling":1,"crittersandcompanions:red_panda_spawn_egg":1,"zetter:paints":1,"fruitsdelight:jelly_bread":1,"fruitsdelight:hamimelon_popsicle":1,"luphieclutteredmod:yellow_bicycle":1,"coffee_delight:cap_iced_lattee_coffee":1,"luphieclutteredmod:luphie_pink_and_gold_moon_decor":1,"minecraft:pink_petals":1,"crittersandcompanions:dumbo_octopus_bucket":1,"chiselsandbits:block_bit":1,"alexsmobs:sopa_de_macaco":1},"minecraft:used":{"alexsmobs:spawn_egg_raccoon":1,"minecraft:cherry_sapling":30,"zetter:easel":4,"minecraft:torchflower":1,"fantasyfurniture:decorations/berry_basket_sweetberry":1,"fruitsdelight:lychee_sapling":1,"doggytalents:doggy_charm":35,"fruitsdelight:jelly_bread":1,"alexsmobs:sopa_de_macaco":4,"minecraft:oak_planks":2,"fruitsdelight:peach_sapling":1,"luphieclutteredmod:luphie_pastry_display_case":4,"fruitsdelight:kiwi_juice":2,"coffee_delight:cap_iced_lattee_coffee":2,"luphieclutteredmod:luphie_moon_string":7,"alexsmobs:spawn_egg_straddler":2,"luphieclutteredmod:luphie_dorado_cabinet":2,"luphieclutteredmod:luphie_orange_cat_plant_pot":1,"alexsmobs:spawn_egg_laviathan":1,"alexsmobs:medium_catfish_bucket":1,"fruitsdelight:hawberry_crate":2,"corn_delight:boiled_corn":3,"crittersandcompanions:red_panda_spawn_egg":10,"fantasyfurniture:nordic/bed_double":1,"crittersandcompanions:otter_spawn_egg":17,"luphieclutteredmod:yellow_bicycle":2,"alexsmobs:spawn_egg_mimic_octopus":1,"luphieclutteredmod:luphie_glowing_moon":30,"luphieclutteredmod:luphie_hanging_dish_towel":1,"luphieclutteredmod:luphie_pink_armchair":1,"luphieclutteredmod:luphie_bee_lamp":7,"fruitsdelight:hamimelon_popsicle":2,"luphieclutteredmod:luphie_pink_and_gold_moon_decor":7,"alexsmobs:spawn_egg_murmur":1,"luphieclutteredmod:cluttered_tarrey_town_wood_stove":1,"minecraft:grass_block":17,"alexsmobs:spawn_egg_cosmaw":1,"alexsmobs:platypus_bucket":13,"luphieclutteredmod:luphie_antique_lamp":1,"luphieclutteredmod:luphie_flower_desk_lamp":8,"alexsmobs:fedora":1,"minecraft:pink_petals":10,"fruitsdelight:lemon_tree":2,"crittersandcompanions:dumbo_octopus_bucket":1,"fruitsdelight:mangosteen_sapling":2,"corn_delight:grilled_corn":2,"alexsmobs:lobster_bucket":2,"alexsmobs:animal_dictionary":1,"alexsmobs:spawn_egg_potoo":1,"minecraft:bone_meal":237,"crittersandcompanions:sea_bunny_spawn_egg":1,"alexsmobs:blobfish":2},"minecraft:killed":{"alexsmobs:laviathan":1},"minecraft:custom":{"minecraft:mob_kills":1,"minecraft:leave_game":2,"minecraft:time_since_death":200213,"minecraft:time_since_rest":200213,"minecraft:sprint_one_cm":39061,"minecraft:damage_taken":10,"minecraft:walk_one_cm":108402,"minecraft:drop":56,"minecraft:damage_dealt":261,"minecraft:fly_one_cm":205126,"minecraft:crouch_one_cm":8333,"minecraft:play_time":200213,"minecraft:sneak_time":5668,"minecraft:walk_under_water_one_cm":3119,"minecraft:jump":119,"minecraft:interact_with_blast_furnace":1,"minecraft:walk_on_water_one_cm":9150,"minecraft:total_world_time":200213,"minecraft:fall_one_cm":209},"minecraft:picked_up":{"minecraft:allium":1,"zetter:canvas":5,"alexsmobs:spawn_egg_potoo":1,"crittersandcompanions:red_panda_spawn_egg":1,"minecraft:netherite_sword":1,"fantasyfurniture:nordic/bed_double":1,"zetter:paints":1,"alexsmobs:spawn_egg_straddler":1,"alexsmobs:spawn_egg_laviathan":1,"alexsmobs:spawn_egg_cosmaw":1,"alexsmobs:blobfish":1,"doggytalents:doggy_charm":2,"opf:opf":2,"luphieclutteredmod:luphie_bee_lamp":1,"luphieclutteredmod:luphie_moon_string":1,"fruitsdelight:lemon_tree":1,"alexsmobs:lobster_bucket":1,"alexsmobs:fedora":1,"fruitsdelight:lemon":4,"minecraft:stripped_spruce_log":2,"minecraft:grass_block":1,"luphieclutteredmod:luphie_antique_lamp":1,"zetter:easel":1,"alexsmobs:spawn_egg_raccoon":1,"zetter:palette":4,"crittersandcompanions:otter_spawn_egg":3,"crittersandcompanions:dumbo_octopus_bucket":1}},"DataVersion":3465}