{"stats":{"minecraft:dropped":{"alexsmobs:fedora":1,"alexsmobs:spawn_egg_straddler":1,"alexsmobs:spawn_egg_raccoon":1,"alexsmobs:lobster_bucket":1,"alexsmobs:spawn_egg_laviathan":1,"crittersandcompanions:otter_spawn_egg":2,"crittersandcompanions:sea_bunny_spawn_egg":1,"alexsmobs:spawn_egg_potoo":1,"luphieclutteredmod:luphie_pink_armchair":1,"alexsmobs:spawn_egg_cosmaw":1,"doggytalents:doggy_charm":1,"alexsmobs:medium_catfish_bucket":1,"luphieclutteredmod:luphie_pastry_display_case":1,"crittersandcompanions:shima_enaga_spawn_egg":1,"alexsmobs:blobfish":1,"fantasyfurniture:decorations/berry_basket_sweetberry":1,"luphieclutteredmod:luphie_bee_lamp":1,"luphieclutteredmod:luphie_antique_lamp":1,"minecraft:oak_planks":1,"crittersandcompanions:red_panda_spawn_egg":1,"luphieclutteredmod:yellow_bicycle":1,"fantasyfurniture:nordic/bed_double":1,"luphieclutteredmod:luphie_orange_cat_plant_pot":1,"luphieclutteredmod:cluttered_tarrey_town_wood_stove":1,"chiselsandbits:block_bit":1},"minecraft:used":{"alexsmobs:spawn_egg_murmur":1,"alexsmobs:spawn_egg_raccoon":1,"zetter:easel":3,"luphieclutteredmod:cluttered_tarrey_town_wood_stove":1,"fantasyfurniture:decorations/berry_basket_sweetberry":1,"doggytalents:doggy_charm":35,"alexsmobs:spawn_egg_cosmaw":1,"minecraft:oak_planks":2,"alexsmobs:platypus_bucket":13,"luphieclutteredmod:luphie_pastry_display_case":4,"luphieclutteredmod:luphie_antique_lamp":1,"alexsmobs:fedora":1,"alexsmobs:spawn_egg_laviathan":1,"crittersandcompanions:red_panda_spawn_egg":10,"luphieclutteredmod:luphie_dorado_cabinet":2,"luphieclutteredmod:luphie_orange_cat_plant_pot":1,"alexsmobs:spawn_egg_straddler":2,"crittersandcompanions:dumbo_octopus_bucket":1,"alexsmobs:medium_catfish_bucket":1,"fantasyfurniture:nordic/bed_double":1,"crittersandcompanions:otter_spawn_egg":6,"luphieclutteredmod:yellow_bicycle":2,"alexsmobs:spawn_egg_mimic_octopus":1,"alexsmobs:lobster_bucket":2,"alexsmobs:animal_dictionary":1,"luphieclutteredmod:luphie_hanging_dish_towel":1,"alexsmobs:spawn_egg_potoo":1,"luphieclutteredmod:luphie_pink_armchair":1,"luphieclutteredmod:luphie_bee_lamp":3,"crittersandcompanions:sea_bunny_spawn_egg":1,"alexsmobs:blobfish":2},"minecraft:killed":{"alexsmobs:laviathan":1},"minecraft:custom":{"minecraft:time_since_rest":104213,"minecraft:sprint_one_cm":1287,"minecraft:damage_taken":10,"minecraft:walk_one_cm":59413,"minecraft:mob_kills":1,"minecraft:drop":26,"minecraft:damage_dealt":261,"minecraft:fly_one_cm":2330,"minecraft:crouch_one_cm":3829,"minecraft:play_time":104213,"minecraft:sneak_time":3616,"minecraft:walk_under_water_one_cm":305,"minecraft:jump":35,"minecraft:leave_game":2,"minecraft:time_since_death":104213,"minecraft:walk_on_water_one_cm":4757,"minecraft:total_world_time":104213,"minecraft:fall_one_cm":209},"minecraft:picked_up":{"luphieclutteredmod:luphie_bee_lamp":1,"opf:opf":1,"alexsmobs:lobster_bucket":1,"alexsmobs:fedora":1,"zetter:canvas":5,"luphieclutteredmod:luphie_antique_lamp":1,"alexsmobs:spawn_egg_potoo":1,"zetter:easel":1,"crittersandcompanions:red_panda_spawn_egg":1,"fantasyfurniture:nordic/bed_double":1,"zetter:paints":1,"alexsmobs:spawn_egg_raccoon":1,"zetter:palette":3,"alexsmobs:blobfish":1,"alexsmobs:spawn_egg_laviathan":1,"alexsmobs:spawn_egg_cosmaw":1,"alexsmobs:spawn_egg_straddler":1,"doggytalents:doggy_charm":2,"crittersandcompanions:otter_spawn_egg":3}},"DataVersion":3465}