{
  "uuid": "c78817bd-8f37-3b24-b04e-09d5a5245d8f",
  "starterPrompted": true,
  "starterLocked": false,
  "starterSelected": true,
  "starterUUID": "06b25569-c678-448d-bfd6-170d26d52861",
  "keyItems": [],
  "battleTheme": "cobblemon:battle.pvp.default",
  "extraData": {
    "koStreak": {
      "name": "koStreak",
      "species": "makuhita",
      "count": 1
    },
    "koCount": {
      "name": "koCount",
      "defeats": {
        "makuhita": 1
      }
    },
    "captureStreak": {
      "name": "captureStreak",
      "species": "",
      "count": 0
    },
    "captureCount": {
      "name": "captureCount",
      "defeats": {
        "oshawott": 1
      }
    },
    "encounter": {
      "name": "encounter",
      "encounters": {
        "oshawott": true,
        "taillow": true,
        "ponyta": true,
        "gimmighoul": true,
        "beedrill": true,
        "makuhita": true,
        "lilligant": true
      }
    }
  },
  "advancementData": {
    "totalCaptureCount": 0,
    "totalEggsHatched": 0,
    "totalEvolvedCount": 0,
    "totalBattleVictoryCount": 1,
    "totalPvPBattleVictoryCount": 0,
    "totalPvWBattleVictoryCount": 1,
    "totalPvNBattleVictoryCount": 0,
    "totalShinyCaptureCount": 0,
    "totalTradedCount": 0,
    "totalTypeCaptureCounts": {},
    "totalDefeatedCounts": {
      "cobblemon:makuhita": 1
    },
    "aspectsCollected": {}
  }
}